[
  {
    "__type__": "cc.Prefab",
    "_name": "bullet_hit_wall",
    "_objFlags": 0,
    "_rawFiles": null,
    "data": {
      "__id__": 1
    }
  },
  {
    "__type__": "cc.Node",
    "_name": "bullet_hit_wall",
    "_objFlags": 0,
    "_opacity": 255,
    "_color": {
      "__type__": "cc.Color",
      "r": 255,
      "g": 255,
      "b": 255,
      "a": 255
    },
    "_cascadeOpacityEnabled": true,
    "_parent": null,
    "_anchorPoint": {
      "__type__": "cc.Vec2",
      "x": 0.5,
      "y": 0.5
    },
    "_contentSize": {
      "__type__": "cc.Size",
      "width": 0,
      "height": 0
    },
    "_children": [],
    "_rotationX": 0,
    "_rotationY": 0,
    "_scaleX": 1,
    "_scaleY": 1,
    "_position": {
      "__type__": "cc.Vec2",
      "x": 5,
      "y": 12
    },
    "_skewX": 0,
    "_skewY": 0,
    "_localZOrder": 0,
    "_globalZOrder": 0,
    "_tag": -1,
    "_opacityModifyRGB": false,
    "_reorderChildDirty": false,
    "_id": "",
    "_active": true,
    "_components": [
      {
        "__id__": 2
      }
    ],
    "_prefab": {
      "__id__": 3
    },
    "groupIndex": 0
  },
  {
    "__type__": "cc.ParticleSystem",
    "_name": "",
    "_objFlags": 0,
    "node": {
      "__id__": 1
    },
    "_enabled": true,
    "_custom": false,
    "_file": {
      "__uuid__": "5d84d10c-7fea-4d66-a68c-be0d3f93d589"
    },
    "_texture": {
      "__uuid__": "5d84d10c-7fea-4d66-a68c-be0d3f93d589"
    },
    "_srcBlendFactor": 770,
    "_dstBlendFactor": 1,
    "playOnLoad": true,
    "_autoRemoveOnFinish": true,
    "_totalParticles": 400,
    "_duration": 0.20000000298023224,
    "_emissionRate": 1600,
    "_life": 0.25,
    "_lifeVar": 0.10999999940395355,
    "_startColor": {
      "__type__": "cc.Color",
      "r": 255,
      "g": 45.90000182390213,
      "b": 0,
      "a": 22.950000911951065
    },
    "_startColorVar": {
      "__type__": "cc.Color",
      "r": 0,
      "g": 0,
      "b": 0,
      "a": 0
    },
    "_endColor": {
      "__type__": "cc.Color",
      "r": 0,
      "g": 0,
      "b": 0,
      "a": 0
    },
    "_endColorVar": {
      "__type__": "cc.Color",
      "r": 0,
      "g": 0,
      "b": 0,
      "a": 0
    },
    "_angle": 0,
    "_angleVar": 360,
    "_startSize": 20,
    "_startSizeVar": 5,
    "_endSize": 0,
    "_endSizeVar": 0,
    "_startSpin": 0,
    "_startSpinVar": 0,
    "_endSpin": 0,
    "_endSpinVar": 0,
    "_sourcePos": {
      "__type__": "cc.Vec2",
      "x": 0,
      "y": 0
    },
    "_posVar": {
      "__type__": "cc.Vec2",
      "x": 4,
      "y": 4
    },
    "_positionType": 1,
    "_emitterMode": 0,
    "_gravity": {
      "__type__": "cc.Vec2",
      "x": 0,
      "y": 0
    },
    "_speed": 60,
    "_speedVar": 6.579999923706055,
    "_tangentialAccel": 4,
    "_tangentialAccelVar": 0,
    "_radialAccel": -1000,
    "_radialAccelVar": 0,
    "_rotationIsDir": false,
    "_startRadius": 100,
    "_startRadiusVar": 0,
    "_endRadius": 0,
    "_endRadiusVar": 0,
    "_rotatePerS": 0,
    "_rotatePerSVar": 0,
    "_N$preview": true
  },
  {
    "__type__": "cc.PrefabInfo",
    "root": {
      "__id__": 1
    },
    "asset": {
      "__uuid__": "3fec6f86-d441-4acd-9b03-a9ac1dbcd0dc"
    },
    "fileId": "07720QqvplDQKdtVlei4bpV"
  }
]