{
  "__type__": "cc.TiledMapAsset",
  "_name": "MC_BUCK",
  "_objFlags": 0,
  "_rawFiles": null,
  "tmxXmlStr": "<?xml version=\"1.0\" encoding=\"UTF-8\"?>\n<map version=\"1.0\" orientation=\"orthogonal\" renderorder=\"right-down\" width=\"65\" height=\"45\" tilewidth=\"50\" tileheight=\"50\" nextobjectid=\"1\">\n <tileset firstgid=\"1\" name=\"Map\" tilewidth=\"50\" tileheight=\"50\" tilecount=\"6\" columns=\"3\">\n  <image source=\"Map.png\" width=\"150\" height=\"100\"/>\n </tileset>\n <layer name=\"ground\" width=\"65\" height=\"45\">\n  <data encoding=\"base64\" compression=\"zlib\">\n   eJzt0LERwCAMADFDDHOx/1RxnYIyjfV3v4AiJH3bdTZ4XAxmvRr8MGDAgAEDBgwYMGDAgAEDBgwYMGDAgAEDBgwYMGDAgAEDBgwYMGDAgMEPBjviZINHfWGQ2vYC19w6gQ==\n  </data>\n </layer>\n</map>\n",
  "tmxFolderPath": "MapBG",
  "textures": [
    {
      "__uuid__": "5f04e1b4-f150-435b-8dd2-4be21f792487"
    }
  ],
  "tsxFiles": []
}