{
  "__type__": "cc.SpriteAtlas",
  "_name": "TankColor.plist",
  "_objFlags": 0,
  "_rawFiles": null,
  "_spriteFrames": {
    "TankColor-t0_b": {
      "__uuid__": "0b0237c8-3f45-448a-8d3d-4508cbffecd4"
    },
    "TankColor-t0_l1": {
      "__uuid__": "7bee6921-ff38-486e-8868-8114ab5d2a57"
    },
    "TankColor-t0_l2": {
      "__uuid__": "b7dd0233-38a6-4ea2-9334-bf599bd8be86"
    },
    "TankColor-t0_l3": {
      "__uuid__": "ffeb3108-b8d5-487d-a417-b2c25747359b"
    },
    "TankColor-t0_l4": {
      "__uuid__": "a3f6d26a-9d7c-41c3-ab10-37bc8a9b57fd"
    },
    "TankColor-t1_b": {
      "__uuid__": "1494d717-a67e-4388-8fa9-d5fd5ce862ed"
    },
    "TankColor-t1_l1": {
      "__uuid__": "98817dff-a4cf-493d-bd78-a4e8c698d9e4"
    },
    "TankColor-t1_l2": {
      "__uuid__": "03ceb8a8-f4c2-4e3f-8886-4c87ccccf3c6"
    },
    "TankColor-t1_l3": {
      "__uuid__": "2a6cad73-d817-4a53-ab72-fd62121ce9c6"
    },
    "TankColor-t1_l4": {
      "__uuid__": "622ec2ff-a577-4b98-9bcc-799c3e254294"
    },
    "TankColor-t2_b": {
      "__uuid__": "6a07bf6c-ed60-494b-97bc-b1907e391fe4"
    },
    "TankColor-t2_l1": {
      "__uuid__": "8f64f1ab-203e-4641-ac07-3de49c4c7cf6"
    },
    "TankColor-t2_l2": {
      "__uuid__": "dfdde378-0ffd-46a7-979d-566ef6e0be6a"
    },
    "TankColor-t2_l3": {
      "__uuid__": "7313f43a-168d-40f3-89fd-ec11c0da6192"
    },
    "TankColor-t2_l4": {
      "__uuid__": "8c3e6a95-592c-4acf-bdbe-cd918b93ec86"
    },
    "TankColor-t3_b": {
      "__uuid__": "e3004f7e-6180-4153-9a9f-b45de2de4829"
    },
    "TankColor-t3_l1": {
      "__uuid__": "004718b1-f720-4fe3-9dc9-c0411933822f"
    },
    "TankColor-t3_l2": {
      "__uuid__": "d0719e5a-57ba-4566-8774-5716b7eb0d90"
    },
    "TankColor-t3_l3": {
      "__uuid__": "76917674-3946-45d2-9428-0e1edfbfb7b9"
    },
    "TankColor-t3_l4": {
      "__uuid__": "39d2bc10-b8b8-48c8-aff3-1c71da1ef6ff"
    },
    "TankColor-t4_b": {
      "__uuid__": "f785842e-0a78-438d-ba44-ff33ad885548"
    },
    "TankColor-t4_l1": {
      "__uuid__": "32f14972-1597-46dc-b1a1-9fb84e43dc87"
    },
    "TankColor-t4_l2": {
      "__uuid__": "2938c586-bcb6-4047-9ea3-c289558e8eec"
    },
    "TankColor-t4_l3": {
      "__uuid__": "a40162ec-f6cb-446c-a63d-6043cdfa7dfb"
    },
    "TankColor-t4_l4": {
      "__uuid__": "8c5c22c1-edf9-4ec3-92fa-c5d19a5fba5f"
    },
    "TankColor-t5_b": {
      "__uuid__": "154c8fb5-412a-4250-9c4b-f7608fa3691a"
    },
    "TankColor-t5_l1": {
      "__uuid__": "d3f3df83-fbfd-48d5-9820-fb4333a3abb3"
    },
    "TankColor-t5_l2": {
      "__uuid__": "9a260633-59d5-4342-b0bb-253704f60e64"
    },
    "TankColor-t5_l3": {
      "__uuid__": "7a2c9738-b6b1-410f-9900-d3dcc515205a"
    },
    "TankColor-t5_l4": {
      "__uuid__": "c6948f6a-41af-4209-9a40-7fb7d8e86168"
    },
    "TankColor-t6_b": {
      "__uuid__": "0b843080-7c23-4663-9582-5d3e2fca204d"
    },
    "TankColor-t6_l1": {
      "__uuid__": "0c47f4f5-3a45-4d95-b4a9-7757e4edc447"
    },
    "TankColor-t6_l2": {
      "__uuid__": "cecd8f32-725f-4010-925b-480dfedd5e5c"
    },
    "TankColor-t6_l3": {
      "__uuid__": "63af63ab-0345-451e-bb0d-67c785d8d4a2"
    },
    "TankColor-t6_l4": {
      "__uuid__": "2319f947-8b87-4f06-91ed-bc752e4f599d"
    },
    "TankColor-t7_b": {
      "__uuid__": "f6e88377-e02c-416c-a0f3-89d1502c1a31"
    },
    "TankColor-t7_l1": {
      "__uuid__": "f21cc5f4-b0b9-45f9-924c-1ba1ec4650bd"
    },
    "TankColor-t7_l2": {
      "__uuid__": "73a38ee9-eab0-4c6c-98f7-4ca90b506d5c"
    },
    "TankColor-t7_l3": {
      "__uuid__": "162c1688-3de7-47f6-9752-c4afca8187b3"
    },
    "TankColor-t7_l4": {
      "__uuid__": "c70287ed-d943-4795-8c72-a9bf77cef224"
    },
    "TankColor-t8_b": {
      "__uuid__": "f2e93a34-b6c1-4212-9530-b0c980ab77c0"
    },
    "TankColor-t8_l1": {
      "__uuid__": "52c359eb-e8ab-4479-82f4-3c6e42511274"
    },
    "TankColor-t8_l2": {
      "__uuid__": "0715b4d8-f663-411a-82ec-2be0d2056cba"
    },
    "TankColor-t8_l3": {
      "__uuid__": "63e1fcb0-a58d-4776-8721-fa842deb4670"
    },
    "TankColor-t8_l4": {
      "__uuid__": "769f7824-9277-4e42-8019-5f67eae5fc50"
    },
    "TankColor-t9_b": {
      "__uuid__": "d3818688-6b71-4edc-bd00-2bc839136345"
    },
    "TankColor-t9_l1": {
      "__uuid__": "5df18039-84e7-409d-b918-d51e54e2d158"
    },
    "TankColor-t9_l2": {
      "__uuid__": "5902288e-8df8-4a73-833a-0ddd1681ed06"
    },
    "TankColor-t9_l3": {
      "__uuid__": "bdd2af30-b163-4210-bf9e-24611e37db21"
    },
    "TankColor-t9_l4": {
      "__uuid__": "4228522d-45c6-4c68-b6ef-9d52ecc5e196"
    }
  }
}