[
  {
    "__type__": "cc.SceneAsset",
    "_name": "GamePlay",
    "_objFlags": 0,
    "_rawFiles": null,
    "scene": {
      "__id__": 1
    },
    "asyncLoadAssets": false
  },
  {
    "__type__": "cc.Scene",
    "_objFlags": 0,
    "_opacity": 255,
    "_color": {
      "__type__": "cc.Color",
      "r": 255,
      "g": 255,
      "b": 255,
      "a": 255
    },
    "_cascadeOpacityEnabled": true,
    "_parent": null,
    "_anchorPoint": {
      "__type__": "cc.Vec2",
      "x": 0,
      "y": 0
    },
    "_contentSize": {
      "__type__": "cc.Size",
      "width": 0,
      "height": 0
    },
    "_children": [
      {
        "__id__": 2
      }
    ],
    "_localZOrder": 0,
    "_globalZOrder": 0,
    "_tag": -1,
    "_opacityModifyRGB": false,
    "_id": "878f7e15-6995-4f92-9de8-9708c4fca3dd"
  },
  {
    "__type__": "cc.Node",
    "_name": "Canvas",
    "_objFlags": 0,
    "_opacity": 255,
    "_color": {
      "__type__": "cc.Color",
      "r": 255,
      "g": 255,
      "b": 255,
      "a": 255
    },
    "_cascadeOpacityEnabled": true,
    "_parent": {
      "__id__": 1
    },
    "_anchorPoint": {
      "__type__": "cc.Vec2",
      "x": 0.5,
      "y": 0.5
    },
    "_contentSize": {
      "__type__": "cc.Size",
      "width": 960,
      "height": 640
    },
    "_children": [
      {
        "__id__": 3
      },
      {
        "__id__": 6
      },
      {
        "__id__": 12
      },
      {
        "__id__": 17
      },
      {
        "__id__": 21
      },
      {
        "__id__": 24
      },
      {
        "__id__": 49
      },
      {
        "__id__": 74
      },
      {
        "__id__": 76
      }
    ],
    "_rotationX": 0,
    "_rotationY": 0,
    "_scaleX": 1,
    "_scaleY": 1,
    "_position": {
      "__type__": "cc.Vec2",
      "x": 480,
      "y": 320
    },
    "_skewX": 0,
    "_skewY": 0,
    "_localZOrder": 0,
    "_globalZOrder": 0,
    "_tag": -1,
    "_opacityModifyRGB": false,
    "_id": "81146UUZoFNOYYhkAywEesf",
    "_active": true,
    "_components": [
      {
        "__id__": 81
      },
      {
        "__id__": 82
      }
    ],
    "_prefab": null,
    "groupIndex": 0
  },
  {
    "__type__": "cc.Node",
    "_name": "background",
    "_objFlags": 0,
    "_opacity": 255,
    "_color": {
      "__type__": "cc.Color",
      "r": 0,
      "g": 0,
      "b": 0,
      "a": 255
    },
    "_cascadeOpacityEnabled": true,
    "_parent": {
      "__id__": 2
    },
    "_anchorPoint": {
      "__type__": "cc.Vec2",
      "x": 0.5,
      "y": 0.5
    },
    "_contentSize": {
      "__type__": "cc.Size",
      "width": 1200,
      "height": 700
    },
    "_children": [],
    "_rotationX": 0,
    "_rotationY": 0,
    "_scaleX": 1,
    "_scaleY": 1,
    "_position": {
      "__type__": "cc.Vec2",
      "x": 0,
      "y": 0
    },
    "_skewX": 0,
    "_skewY": 0,
    "_localZOrder": 0,
    "_globalZOrder": 0,
    "_tag": -1,
    "_opacityModifyRGB": false,
    "_id": "23583J0LIlATpgDsbzINUHH",
    "_active": true,
    "_components": [
      {
        "__id__": 4
      },
      {
        "__id__": 5
      }
    ],
    "_prefab": null,
    "groupIndex": 0
  },
  {
    "__type__": "cc.Widget",
    "_name": "",
    "_objFlags": 0,
    "node": {
      "__id__": 3
    },
    "_enabled": true,
    "isAlignOnce": false,
    "_alignFlags": 45,
    "_left": -120,
    "_right": -120,
    "_top": -30,
    "_bottom": -30,
    "_isAbsLeft": true,
    "_isAbsRight": true,
    "_isAbsTop": true,
    "_isAbsBottom": true,
    "_originalWidth": 200,
    "_originalHeight": 150
  },
  {
    "__type__": "cc.Sprite",
    "_name": "",
    "_objFlags": 0,
    "node": {
      "__id__": 3
    },
    "_enabled": true,
    "_spriteFrame": null,
    "_type": 1,
    "_sizeMode": 0,
    "_fillType": 0,
    "_fillCenter": {
      "__type__": "cc.Vec2",
      "x": 0,
      "y": 0
    },
    "_fillStart": 0,
    "_fillRange": 0,
    "_isTrimmedMode": true,
    "_srcBlendFactor": 770,
    "_dstBlendFactor": 771,
    "_atlas": null
  },
  {
    "__type__": "cc.Node",
    "_name": "gamemap",
    "_objFlags": 0,
    "_opacity": 255,
    "_color": {
      "__type__": "cc.Color",
      "r": 255,
      "g": 255,
      "b": 255,
      "a": 255
    },
    "_cascadeOpacityEnabled": true,
    "_parent": {
      "__id__": 2
    },
    "_anchorPoint": {
      "__type__": "cc.Vec2",
      "x": 0.5,
      "y": 0.5
    },
    "_contentSize": {
      "__type__": "cc.Size",
      "width": 0,
      "height": 0
    },
    "_children": [
      {
        "__id__": 7
      }
    ],
    "_rotationX": 0,
    "_rotationY": 0,
    "_scaleX": 2,
    "_scaleY": 2,
    "_position": {
      "__type__": "cc.Vec2",
      "x": 0,
      "y": 0
    },
    "_skewX": 0,
    "_skewY": 0,
    "_localZOrder": 0,
    "_globalZOrder": 0,
    "_tag": -1,
    "_opacityModifyRGB": false,
    "_id": "cd591tw92ZFZaJ2G3GehaFz",
    "_active": true,
    "_components": [
      {
        "__id__": 11
      }
    ],
    "_prefab": null,
    "groupIndex": 0
  },
  {
    "__type__": "cc.Node",
    "_name": "tiledMap",
    "_objFlags": 0,
    "_opacity": 255,
    "_color": {
      "__type__": "cc.Color",
      "r": 255,
      "g": 255,
      "b": 255,
      "a": 255
    },
    "_cascadeOpacityEnabled": true,
    "_parent": {
      "__id__": 6
    },
    "_anchorPoint": {
      "__type__": "cc.Vec2",
      "x": 0.5,
      "y": 0.5
    },
    "_contentSize": {
      "__type__": "cc.Size",
      "width": 2950,
      "height": 1950
    },
    "_children": [
      {
        "__id__": 8
      }
    ],
    "_rotationX": 0,
    "_rotationY": 0,
    "_scaleX": 1,
    "_scaleY": 1,
    "_position": {
      "__type__": "cc.Vec2",
      "x": 0,
      "y": 0
    },
    "_skewX": 0,
    "_skewY": 0,
    "_localZOrder": 0,
    "_globalZOrder": 0,
    "_tag": -1,
    "_opacityModifyRGB": false,
    "_id": "1c351ryex1Ki4vKgEYM9Z0b",
    "_active": true,
    "_components": [
      {
        "__id__": 10
      }
    ],
    "_prefab": null,
    "groupIndex": 0
  },
  {
    "__type__": "cc.Node",
    "_name": "Tile Layer 1",
    "_objFlags": 0,
    "_opacity": 255,
    "_color": {
      "__type__": "cc.Color",
      "r": 255,
      "g": 255,
      "b": 255,
      "a": 255
    },
    "_cascadeOpacityEnabled": true,
    "_parent": {
      "__id__": 7
    },
    "_anchorPoint": {
      "__type__": "cc.Vec2",
      "x": 0.5,
      "y": 0.5
    },
    "_contentSize": {
      "__type__": "cc.Size",
      "width": 2950,
      "height": 1950
    },
    "_children": [],
    "_rotationX": 0,
    "_rotationY": 0,
    "_scaleX": 1,
    "_scaleY": 1,
    "_position": {
      "__type__": "cc.Vec2",
      "x": 0,
      "y": 0
    },
    "_skewX": 0,
    "_skewY": 0,
    "_localZOrder": 0,
    "_globalZOrder": 0,
    "_tag": -1,
    "_opacityModifyRGB": false,
    "_id": "8895eqCPc1BHom4T5sWo9HG",
    "_active": true,
    "_components": [
      {
        "__id__": 9
      }
    ],
    "_prefab": null,
    "groupIndex": 0
  },
  {
    "__type__": "cc.TiledLayer",
    "_name": "",
    "_objFlags": 0,
    "node": {
      "__id__": 8
    },
    "_enabled": true
  },
  {
    "__type__": "cc.TiledMap",
    "_name": "",
    "_objFlags": 0,
    "node": {
      "__id__": 7
    },
    "_enabled": true,
    "_tmxFile": {
      "__uuid__": "ea278534-7fd2-4cd8-9632-46871f957c71"
    }
  },
  {
    "__type__": "5b781n3CftGaqia/EnKu/Bf",
    "_name": "",
    "_objFlags": 0,
    "node": {
      "__id__": 6
    },
    "_enabled": true,
    "t_prefab": {
      "__uuid__": "b45c85ef-1b3d-4145-b6c1-aacf57b78d06"
    },
    "obs_prefab": {
      "__uuid__": "02381ef8-645a-49ed-ab43-62f1c979a871"
    },
    "bullet_prefab": {
      "__uuid__": "1102b60b-dd99-4144-a0a7-ed0a6acb601e"
    },
    "item_ammo_prefab": {
      "__uuid__": "b8f23cb8-c0cc-4edb-84e6-20f396a5fe22"
    },
    "item_health_prefab": {
      "__uuid__": "26c1dd30-5559-4553-aeb0-a1bb34f91a47"
    },
    "tankAtlas": {
      "__uuid__": "5eb4dcb6-3f5d-4681-ada6-5c015b2c6dbc"
    },
    "flagsAlas": {
      "__uuid__": "d64d48d0-ab09-4084-8821-8b5e32aa630e"
    },
    "explosionAtlas": {
      "__uuid__": "01104888-2907-4ca6-afde-1a7d9d0f4e5f"
    },
    "fire_audio": {
      "__uuid__": "ff47ff71-976e-4678-a9e1-4fd210990a20"
    },
    "hit2": {
      "__uuid__": "79d9af53-3e72-4b5c-9a07-8d79ca573889"
    },
    "hit_tank": {
      "__uuid__": "de8b795a-fb4d-462d-951a-a034b260577f"
    },
    "tank_no": {
      "__uuid__": "d500a1ae-4dbf-4513-8eb8-b1d6bbbc61cd"
    },
    "eff_hit_wall": {
      "__uuid__": "405fa1a7-ef7f-4335-b721-e77820a521bf"
    },
    "eff_hit_tank": {
      "__uuid__": "246ff9c8-0579-42ee-b252-b43735626a42"
    },
    "eff_gun_fire": {
      "__uuid__": "fedfc34c-4226-4423-a57a-329561c0c08d"
    },
    "eff_tank_explosion": {
      "__uuid__": "6c3676ad-cd2d-49fb-9d8a-15e7bdcf5f58"
    }
  },
  {
    "__type__": "cc.Node",
    "_name": "tinnyMap",
    "_objFlags": 0,
    "_opacity": 100,
    "_color": {
      "__type__": "cc.Color",
      "r": 0,
      "g": 0,
      "b": 0,
      "a": 255
    },
    "_cascadeOpacityEnabled": true,
    "_parent": {
      "__id__": 2
    },
    "_anchorPoint": {
      "__type__": "cc.Vec2",
      "x": 0.5,
      "y": 0.5
    },
    "_contentSize": {
      "__type__": "cc.Size",
      "width": 144,
      "height": 104
    },
    "_children": [
      {
        "__id__": 13
      }
    ],
    "_rotationX": 0,
    "_rotationY": 0,
    "_scaleX": 1,
    "_scaleY": 1,
    "_position": {
      "__type__": "cc.Vec2",
      "x": 389,
      "y": -246
    },
    "_skewX": 0,
    "_skewY": 0,
    "_localZOrder": 0,
    "_globalZOrder": 0,
    "_tag": -1,
    "_opacityModifyRGB": false,
    "_id": "1da42bKI3NCmrM1TNoa14Ig",
    "_active": true,
    "_components": [
      {
        "__id__": 15
      },
      {
        "__id__": 16
      }
    ],
    "_prefab": null,
    "groupIndex": 0
  },
  {
    "__type__": "cc.Node",
    "_name": "tinymapGraphic",
    "_objFlags": 0,
    "_opacity": 255,
    "_color": {
      "__type__": "cc.Color",
      "r": 255,
      "g": 255,
      "b": 255,
      "a": 255
    },
    "_cascadeOpacityEnabled": true,
    "_parent": {
      "__id__": 12
    },
    "_anchorPoint": {
      "__type__": "cc.Vec2",
      "x": 0.5,
      "y": 0.5
    },
    "_contentSize": {
      "__type__": "cc.Size",
      "width": 0,
      "height": 0
    },
    "_children": [],
    "_rotationX": 0,
    "_rotationY": 0,
    "_scaleX": 1,
    "_scaleY": 1,
    "_position": {
      "__type__": "cc.Vec2",
      "x": 0,
      "y": 0
    },
    "_skewX": 0,
    "_skewY": 0,
    "_localZOrder": 0,
    "_globalZOrder": 0,
    "_tag": -1,
    "_opacityModifyRGB": false,
    "_id": "ecc2cdYFxlP1qFNfCnrTkw+",
    "_active": true,
    "_components": [
      {
        "__id__": 14
      }
    ],
    "_prefab": null,
    "groupIndex": 0
  },
  {
    "__type__": "cc.Graphics",
    "_name": "",
    "_objFlags": 0,
    "node": {
      "__id__": 13
    },
    "_enabled": true,
    "_lineWidth": 1,
    "_strokeColor": {
      "__type__": "cc.Color",
      "r": 0,
      "g": 0,
      "b": 0,
      "a": 255
    },
    "_lineJoin": 2,
    "_lineCap": 0,
    "_fillColor": {
      "__type__": "cc.Color",
      "r": 255,
      "g": 255,
      "b": 255,
      "a": 255
    },
    "_miterLimit": 10
  },
  {
    "__type__": "cc.Sprite",
    "_name": "",
    "_objFlags": 0,
    "node": {
      "__id__": 12
    },
    "_enabled": true,
    "_spriteFrame": {
      "__uuid__": "a23235d1-15db-4b95-8439-a2e005bfff91"
    },
    "_type": 0,
    "_sizeMode": 0,
    "_fillType": 0,
    "_fillCenter": {
      "__type__": "cc.Vec2",
      "x": 0,
      "y": 0
    },
    "_fillStart": 0,
    "_fillRange": 0,
    "_isTrimmedMode": true,
    "_srcBlendFactor": 770,
    "_dstBlendFactor": 771,
    "_atlas": null
  },
  {
    "__type__": "cc.Widget",
    "_name": "",
    "_objFlags": 0,
    "node": {
      "__id__": 12
    },
    "_enabled": true,
    "isAlignOnce": true,
    "_alignFlags": 36,
    "_left": 0,
    "_right": 19,
    "_top": 0,
    "_bottom": 22,
    "_isAbsLeft": true,
    "_isAbsRight": true,
    "_isAbsTop": true,
    "_isAbsBottom": true,
    "_originalWidth": 0,
    "_originalHeight": 0
  },
  {
    "__type__": "cc.Node",
    "_name": "lbstatus",
    "_objFlags": 0,
    "_opacity": 255,
    "_color": {
      "__type__": "cc.Color",
      "r": 0,
      "g": 151,
      "b": 24,
      "a": 255
    },
    "_cascadeOpacityEnabled": true,
    "_parent": {
      "__id__": 2
    },
    "_anchorPoint": {
      "__type__": "cc.Vec2",
      "x": 0,
      "y": 1
    },
    "_contentSize": {
      "__type__": "cc.Size",
      "width": 0,
      "height": 22
    },
    "_children": [],
    "_rotationX": 0,
    "_rotationY": 0,
    "_scaleX": 1,
    "_scaleY": 1,
    "_position": {
      "__type__": "cc.Vec2",
      "x": -377.8,
      "y": 289.9
    },
    "_skewX": 0,
    "_skewY": 0,
    "_localZOrder": 0,
    "_globalZOrder": 0,
    "_tag": -1,
    "_opacityModifyRGB": false,
    "_id": "bce6dCwXQxG+4RG94bgHHao",
    "_active": true,
    "_components": [
      {
        "__id__": 18
      },
      {
        "__id__": 19
      }
    ],
    "_prefab": {
      "__id__": 20
    },
    "groupIndex": 0
  },
  {
    "__type__": "cc.Label",
    "_name": "",
    "_objFlags": 0,
    "node": {
      "__id__": 17
    },
    "_enabled": true,
    "_useOriginalSize": false,
    "_actualFontSize": 16,
    "_fontSize": 16,
    "_lineHeight": 22,
    "_enableWrapText": true,
    "_N$file": null,
    "_isSystemFontUsed": true,
    "_N$string": "",
    "_N$horizontalAlign": 0,
    "_N$verticalAlign": 1,
    "_N$overflow": 0
  },
  {
    "__type__": "cc.Widget",
    "_name": "",
    "_objFlags": 0,
    "node": {
      "__id__": 17
    },
    "_enabled": true,
    "isAlignOnce": true,
    "_alignFlags": 9,
    "_left": 102.19999999999999,
    "_right": 0,
    "_top": 30.100000000000023,
    "_bottom": 0,
    "_isAbsLeft": true,
    "_isAbsRight": true,
    "_isAbsTop": true,
    "_isAbsBottom": true,
    "_originalWidth": 0,
    "_originalHeight": 0
  },
  {
    "__type__": "cc.PrefabInfo",
    "root": {
      "__id__": 17
    },
    "asset": {
      "__uuid__": "27756ebb-3d33-44b0-9b96-e858fadd4dd4"
    },
    "fileId": "d1cddH/doRNQ4Aodz8556bh"
  },
  {
    "__type__": "cc.Node",
    "_name": "lbscore",
    "_objFlags": 0,
    "_opacity": 255,
    "_color": {
      "__type__": "cc.Color",
      "r": 255,
      "g": 139,
      "b": 2,
      "a": 255
    },
    "_cascadeOpacityEnabled": true,
    "_parent": {
      "__id__": 2
    },
    "_anchorPoint": {
      "__type__": "cc.Vec2",
      "x": 0.5,
      "y": 0.5
    },
    "_contentSize": {
      "__type__": "cc.Size",
      "width": 27.81,
      "height": 80
    },
    "_children": [],
    "_rotationX": 0,
    "_rotationY": 0,
    "_scaleX": 1,
    "_scaleY": 1,
    "_position": {
      "__type__": "cc.Vec2",
      "x": 0,
      "y": 270
    },
    "_skewX": 0,
    "_skewY": 0,
    "_localZOrder": 0,
    "_globalZOrder": 0,
    "_tag": -1,
    "_opacityModifyRGB": false,
    "_id": "030e7F8TFVETYHfEoaiQuP8",
    "_active": true,
    "_components": [
      {
        "__id__": 22
      },
      {
        "__id__": 23
      }
    ],
    "_prefab": null,
    "groupIndex": 0
  },
  {
    "__type__": "cc.Label",
    "_name": "",
    "_objFlags": 0,
    "node": {
      "__id__": 21
    },
    "_enabled": true,
    "_useOriginalSize": false,
    "_actualFontSize": 50,
    "_fontSize": 50,
    "_lineHeight": 80,
    "_enableWrapText": true,
    "_N$file": null,
    "_isSystemFontUsed": true,
    "_N$string": "0",
    "_N$horizontalAlign": 0,
    "_N$verticalAlign": 1,
    "_N$overflow": 0
  },
  {
    "__type__": "cc.Widget",
    "_name": "",
    "_objFlags": 0,
    "node": {
      "__id__": 21
    },
    "_enabled": true,
    "isAlignOnce": true,
    "_alignFlags": 1,
    "_left": 0,
    "_right": 0,
    "_top": 10,
    "_bottom": 0,
    "_isAbsLeft": true,
    "_isAbsRight": true,
    "_isAbsTop": true,
    "_isAbsBottom": true,
    "_originalWidth": 0,
    "_originalHeight": 0
  },
  {
    "__type__": "cc.Node",
    "_name": "sppanel",
    "_objFlags": 0,
    "_opacity": 255,
    "_color": {
      "__type__": "cc.Color",
      "r": 255,
      "g": 255,
      "b": 255,
      "a": 255
    },
    "_cascadeOpacityEnabled": true,
    "_parent": {
      "__id__": 2
    },
    "_anchorPoint": {
      "__type__": "cc.Vec2",
      "x": 0.5,
      "y": 0.5
    },
    "_contentSize": {
      "__type__": "cc.Size",
      "width": 220,
      "height": 100
    },
    "_children": [
      {
        "__id__": 25
      },
      {
        "__id__": 31
      },
      {
        "__id__": 37
      },
      {
        "__id__": 39
      },
      {
        "__id__": 41
      },
      {
        "__id__": 44
      }
    ],
    "_rotationX": 0,
    "_rotationY": 0,
    "_scaleX": 1,
    "_scaleY": 1,
    "_position": {
      "__type__": "cc.Vec2",
      "x": 361,
      "y": 261
    },
    "_skewX": 0,
    "_skewY": 0,
    "_localZOrder": 0,
    "_globalZOrder": 0,
    "_tag": -1,
    "_opacityModifyRGB": false,
    "_id": "a5216OYskVI/YBk8H3gx+r+",
    "_active": true,
    "_components": [
      {
        "__id__": 46
      },
      {
        "__id__": 47
      },
      {
        "__id__": 48
      }
    ],
    "_prefab": null,
    "groupIndex": 0
  },
  {
    "__type__": "cc.Node",
    "_name": "prHealth",
    "_objFlags": 0,
    "_opacity": 255,
    "_color": {
      "__type__": "cc.Color",
      "r": 37,
      "g": 36,
      "b": 36,
      "a": 255
    },
    "_cascadeOpacityEnabled": true,
    "_parent": {
      "__id__": 24
    },
    "_anchorPoint": {
      "__type__": "cc.Vec2",
      "x": 0.5,
      "y": 0.5
    },
    "_contentSize": {
      "__type__": "cc.Size",
      "width": 140,
      "height": 20
    },
    "_children": [
      {
        "__id__": 26
      },
      {
        "__id__": 28
      }
    ],
    "_rotationX": 0,
    "_rotationY": 0,
    "_scaleX": 1,
    "_scaleY": 1,
    "_position": {
      "__type__": "cc.Vec2",
      "x": 33.5,
      "y": 0
    },
    "_skewX": 0,
    "_skewY": 0,
    "_localZOrder": 0,
    "_globalZOrder": 0,
    "_tag": -1,
    "_opacityModifyRGB": false,
    "_id": "0bca6ebQvhGV6U7LlSzwyoB",
    "_active": true,
    "_components": [
      {
        "__id__": 30
      }
    ],
    "_prefab": null,
    "groupIndex": 0
  },
  {
    "__type__": "cc.Node",
    "_name": "prHP",
    "_objFlags": 0,
    "_opacity": 255,
    "_color": {
      "__type__": "cc.Color",
      "r": 2,
      "g": 243,
      "b": 26,
      "a": 255
    },
    "_cascadeOpacityEnabled": true,
    "_parent": {
      "__id__": 25
    },
    "_anchorPoint": {
      "__type__": "cc.Vec2",
      "x": 0,
      "y": 0.5
    },
    "_contentSize": {
      "__type__": "cc.Size",
      "width": 136,
      "height": 16
    },
    "_children": [],
    "_rotationX": 0,
    "_rotationY": 0,
    "_scaleX": 1,
    "_scaleY": 1,
    "_position": {
      "__type__": "cc.Vec2",
      "x": -67.8,
      "y": 0
    },
    "_skewX": 0,
    "_skewY": 0,
    "_localZOrder": 0,
    "_globalZOrder": 0,
    "_tag": -1,
    "_opacityModifyRGB": false,
    "_id": "24d44BgVD9K64ICXdxZUkuU",
    "_active": true,
    "_components": [
      {
        "__id__": 27
      }
    ],
    "_prefab": null,
    "groupIndex": 0
  },
  {
    "__type__": "cc.Sprite",
    "_name": "",
    "_objFlags": 0,
    "node": {
      "__id__": 26
    },
    "_enabled": true,
    "_spriteFrame": {
      "__uuid__": "a23235d1-15db-4b95-8439-a2e005bfff91"
    },
    "_type": 0,
    "_sizeMode": 0,
    "_fillType": 0,
    "_fillCenter": {
      "__type__": "cc.Vec2",
      "x": 0,
      "y": 0
    },
    "_fillStart": 0,
    "_fillRange": 0,
    "_isTrimmedMode": false,
    "_srcBlendFactor": 770,
    "_dstBlendFactor": 771,
    "_atlas": null
  },
  {
    "__type__": "cc.Node",
    "_name": "Label_hp",
    "_objFlags": 0,
    "_opacity": 255,
    "_color": {
      "__type__": "cc.Color",
      "r": 255,
      "g": 255,
      "b": 255,
      "a": 255
    },
    "_cascadeOpacityEnabled": true,
    "_parent": {
      "__id__": 25
    },
    "_anchorPoint": {
      "__type__": "cc.Vec2",
      "x": 0.5,
      "y": 0.5
    },
    "_contentSize": {
      "__type__": "cc.Size",
      "width": 54.22,
      "height": 40
    },
    "_children": [],
    "_rotationX": 0,
    "_rotationY": 0,
    "_scaleX": 1,
    "_scaleY": 1,
    "_position": {
      "__type__": "cc.Vec2",
      "x": 0,
      "y": -0.7
    },
    "_skewX": 0,
    "_skewY": 0,
    "_localZOrder": 0,
    "_globalZOrder": 0,
    "_tag": -1,
    "_opacityModifyRGB": false,
    "_id": "d5430nNZDZE5Y42iA1YVxOI",
    "_active": true,
    "_components": [
      {
        "__id__": 29
      }
    ],
    "_prefab": null,
    "groupIndex": 0
  },
  {
    "__type__": "cc.Label",
    "_name": "",
    "_objFlags": 0,
    "node": {
      "__id__": 28
    },
    "_enabled": true,
    "_useOriginalSize": false,
    "_actualFontSize": 15,
    "_fontSize": 15,
    "_lineHeight": 40,
    "_enableWrapText": true,
    "_N$file": null,
    "_isSystemFontUsed": true,
    "_N$string": "120/120",
    "_N$horizontalAlign": 0,
    "_N$verticalAlign": 1,
    "_N$overflow": 0
  },
  {
    "__type__": "cc.Sprite",
    "_name": "",
    "_objFlags": 0,
    "node": {
      "__id__": 25
    },
    "_enabled": true,
    "_spriteFrame": {
      "__uuid__": "a23235d1-15db-4b95-8439-a2e005bfff91"
    },
    "_type": 0,
    "_sizeMode": 0,
    "_fillType": 0,
    "_fillCenter": {
      "__type__": "cc.Vec2",
      "x": 0,
      "y": 0
    },
    "_fillStart": 0,
    "_fillRange": 0,
    "_isTrimmedMode": true,
    "_srcBlendFactor": 770,
    "_dstBlendFactor": 771,
    "_atlas": null
  },
  {
    "__type__": "cc.Node",
    "_name": "prAmmo",
    "_objFlags": 0,
    "_opacity": 255,
    "_color": {
      "__type__": "cc.Color",
      "r": 37,
      "g": 36,
      "b": 36,
      "a": 255
    },
    "_cascadeOpacityEnabled": true,
    "_parent": {
      "__id__": 24
    },
    "_anchorPoint": {
      "__type__": "cc.Vec2",
      "x": 0.5,
      "y": 0.5
    },
    "_contentSize": {
      "__type__": "cc.Size",
      "width": 140,
      "height": 20
    },
    "_children": [
      {
        "__id__": 32
      },
      {
        "__id__": 34
      }
    ],
    "_rotationX": 0,
    "_rotationY": 0,
    "_scaleX": 1,
    "_scaleY": 1,
    "_position": {
      "__type__": "cc.Vec2",
      "x": 33.5,
      "y": 36
    },
    "_skewX": 0,
    "_skewY": 0,
    "_localZOrder": 0,
    "_globalZOrder": 0,
    "_tag": -1,
    "_opacityModifyRGB": false,
    "_id": "889eeNJrcJOAJvEP1pnJiVT",
    "_active": true,
    "_components": [
      {
        "__id__": 36
      }
    ],
    "_prefab": null,
    "groupIndex": 0
  },
  {
    "__type__": "cc.Node",
    "_name": "prAmmo",
    "_objFlags": 0,
    "_opacity": 255,
    "_color": {
      "__type__": "cc.Color",
      "r": 245,
      "g": 16,
      "b": 16,
      "a": 255
    },
    "_cascadeOpacityEnabled": true,
    "_parent": {
      "__id__": 31
    },
    "_anchorPoint": {
      "__type__": "cc.Vec2",
      "x": 0,
      "y": 0.5
    },
    "_contentSize": {
      "__type__": "cc.Size",
      "width": 136,
      "height": 16
    },
    "_children": [],
    "_rotationX": 0,
    "_rotationY": 0,
    "_scaleX": 1,
    "_scaleY": 1,
    "_position": {
      "__type__": "cc.Vec2",
      "x": -67.8,
      "y": 0
    },
    "_skewX": 0,
    "_skewY": 0,
    "_localZOrder": 0,
    "_globalZOrder": 0,
    "_tag": -1,
    "_opacityModifyRGB": false,
    "_id": "cacdag7ofNAhro6z9inqqwM",
    "_active": true,
    "_components": [
      {
        "__id__": 33
      }
    ],
    "_prefab": null,
    "groupIndex": 0
  },
  {
    "__type__": "cc.Sprite",
    "_name": "",
    "_objFlags": 0,
    "node": {
      "__id__": 32
    },
    "_enabled": true,
    "_spriteFrame": {
      "__uuid__": "a23235d1-15db-4b95-8439-a2e005bfff91"
    },
    "_type": 0,
    "_sizeMode": 0,
    "_fillType": 0,
    "_fillCenter": {
      "__type__": "cc.Vec2",
      "x": 0,
      "y": 0
    },
    "_fillStart": 0,
    "_fillRange": 0,
    "_isTrimmedMode": true,
    "_srcBlendFactor": 770,
    "_dstBlendFactor": 771,
    "_atlas": null
  },
  {
    "__type__": "cc.Node",
    "_name": "Label_ammo",
    "_objFlags": 0,
    "_opacity": 255,
    "_color": {
      "__type__": "cc.Color",
      "r": 255,
      "g": 255,
      "b": 255,
      "a": 255
    },
    "_cascadeOpacityEnabled": true,
    "_parent": {
      "__id__": 31
    },
    "_anchorPoint": {
      "__type__": "cc.Vec2",
      "x": 0.5,
      "y": 0.5
    },
    "_contentSize": {
      "__type__": "cc.Size",
      "width": 37.54,
      "height": 40
    },
    "_children": [],
    "_rotationX": 0,
    "_rotationY": 0,
    "_scaleX": 1,
    "_scaleY": 1,
    "_position": {
      "__type__": "cc.Vec2",
      "x": 0,
      "y": 0
    },
    "_skewX": 0,
    "_skewY": 0,
    "_localZOrder": 0,
    "_globalZOrder": 0,
    "_tag": -1,
    "_opacityModifyRGB": false,
    "_id": "67451Z35iVCq751hgxHB2s3",
    "_active": true,
    "_components": [
      {
        "__id__": 35
      }
    ],
    "_prefab": null,
    "groupIndex": 0
  },
  {
    "__type__": "cc.Label",
    "_name": "",
    "_objFlags": 0,
    "node": {
      "__id__": 34
    },
    "_enabled": true,
    "_useOriginalSize": false,
    "_actualFontSize": 15,
    "_fontSize": 15,
    "_lineHeight": 40,
    "_enableWrapText": true,
    "_N$file": null,
    "_isSystemFontUsed": true,
    "_N$string": "80/80",
    "_N$horizontalAlign": 0,
    "_N$verticalAlign": 1,
    "_N$overflow": 0
  },
  {
    "__type__": "cc.Sprite",
    "_name": "",
    "_objFlags": 0,
    "node": {
      "__id__": 31
    },
    "_enabled": true,
    "_spriteFrame": {
      "__uuid__": "a23235d1-15db-4b95-8439-a2e005bfff91"
    },
    "_type": 0,
    "_sizeMode": 0,
    "_fillType": 0,
    "_fillCenter": {
      "__type__": "cc.Vec2",
      "x": 0,
      "y": 0
    },
    "_fillStart": 0,
    "_fillRange": 0,
    "_isTrimmedMode": true,
    "_srcBlendFactor": 770,
    "_dstBlendFactor": 771,
    "_atlas": null
  },
  {
    "__type__": "cc.Node",
    "_name": "ammo",
    "_objFlags": 0,
    "_opacity": 255,
    "_color": {
      "__type__": "cc.Color",
      "r": 255,
      "g": 0,
      "b": 0,
      "a": 255
    },
    "_cascadeOpacityEnabled": true,
    "_parent": {
      "__id__": 24
    },
    "_anchorPoint": {
      "__type__": "cc.Vec2",
      "x": 0.5,
      "y": 0.5
    },
    "_contentSize": {
      "__type__": "cc.Size",
      "width": 49.77,
      "height": 40
    },
    "_children": [],
    "_rotationX": 0,
    "_rotationY": 0,
    "_scaleX": 1,
    "_scaleY": 1,
    "_position": {
      "__type__": "cc.Vec2",
      "x": -74.1,
      "y": 35
    },
    "_skewX": 0,
    "_skewY": 0,
    "_localZOrder": 0,
    "_globalZOrder": 0,
    "_tag": -1,
    "_opacityModifyRGB": false,
    "_id": "1c2c79kr4ND8I7CXGM711He",
    "_active": true,
    "_components": [
      {
        "__id__": 38
      }
    ],
    "_prefab": null,
    "groupIndex": 0
  },
  {
    "__type__": "cc.Label",
    "_name": "",
    "_objFlags": 0,
    "node": {
      "__id__": 37
    },
    "_enabled": true,
    "_useOriginalSize": false,
    "_actualFontSize": 16,
    "_fontSize": 16,
    "_lineHeight": 40,
    "_enableWrapText": true,
    "_N$file": null,
    "_isSystemFontUsed": true,
    "_N$string": "AMMO",
    "_N$horizontalAlign": 0,
    "_N$verticalAlign": 1,
    "_N$overflow": 0
  },
  {
    "__type__": "cc.Node",
    "_name": "health",
    "_objFlags": 0,
    "_opacity": 255,
    "_color": {
      "__type__": "cc.Color",
      "r": 2,
      "g": 235,
      "b": 11,
      "a": 255
    },
    "_cascadeOpacityEnabled": true,
    "_parent": {
      "__id__": 24
    },
    "_anchorPoint": {
      "__type__": "cc.Vec2",
      "x": 0.5,
      "y": 0.5
    },
    "_contentSize": {
      "__type__": "cc.Size",
      "width": 61.94,
      "height": 40
    },
    "_children": [],
    "_rotationX": 0,
    "_rotationY": 0,
    "_scaleX": 1,
    "_scaleY": 1,
    "_position": {
      "__type__": "cc.Vec2",
      "x": -74.3,
      "y": -1.1
    },
    "_skewX": 0,
    "_skewY": 0,
    "_localZOrder": 0,
    "_globalZOrder": 0,
    "_tag": -1,
    "_opacityModifyRGB": false,
    "_id": "2732dokJipFUY66GqfbzCUW",
    "_active": true,
    "_components": [
      {
        "__id__": 40
      }
    ],
    "_prefab": null,
    "groupIndex": 0
  },
  {
    "__type__": "cc.Label",
    "_name": "",
    "_objFlags": 0,
    "node": {
      "__id__": 39
    },
    "_enabled": true,
    "_useOriginalSize": false,
    "_actualFontSize": 16,
    "_fontSize": 16,
    "_lineHeight": 40,
    "_enableWrapText": true,
    "_N$file": null,
    "_isSystemFontUsed": true,
    "_N$string": "HEALTH",
    "_N$horizontalAlign": 0,
    "_N$verticalAlign": 1,
    "_N$overflow": 0
  },
  {
    "__type__": "cc.Node",
    "_name": "lblevel",
    "_objFlags": 0,
    "_opacity": 255,
    "_color": {
      "__type__": "cc.Color",
      "r": 255,
      "g": 199,
      "b": 2,
      "a": 255
    },
    "_cascadeOpacityEnabled": true,
    "_parent": {
      "__id__": 24
    },
    "_anchorPoint": {
      "__type__": "cc.Vec2",
      "x": 0.5,
      "y": 0.5
    },
    "_contentSize": {
      "__type__": "cc.Size",
      "width": 98.68,
      "height": 40
    },
    "_children": [],
    "_rotationX": 0,
    "_rotationY": 0,
    "_scaleX": 1,
    "_scaleY": 1,
    "_position": {
      "__type__": "cc.Vec2",
      "x": -53.70000000000002,
      "y": -30.10000000000001
    },
    "_skewX": 0,
    "_skewY": 0,
    "_localZOrder": 0,
    "_globalZOrder": 0,
    "_tag": -1,
    "_opacityModifyRGB": false,
    "_id": "4f2f13hmedCwI5iaUWPAaxY",
    "_active": true,
    "_components": [
      {
        "__id__": 42
      },
      {
        "__id__": 43
      }
    ],
    "_prefab": null,
    "groupIndex": 0
  },
  {
    "__type__": "cc.Label",
    "_name": "",
    "_objFlags": 0,
    "node": {
      "__id__": 41
    },
    "_enabled": true,
    "_useOriginalSize": false,
    "_actualFontSize": 25,
    "_fontSize": 25,
    "_lineHeight": 40,
    "_enableWrapText": true,
    "_N$file": null,
    "_isSystemFontUsed": true,
    "_N$string": "LEVEL:1",
    "_N$horizontalAlign": 0,
    "_N$verticalAlign": 1,
    "_N$overflow": 0
  },
  {
    "__type__": "cc.Widget",
    "_name": "",
    "_objFlags": 0,
    "node": {
      "__id__": 41
    },
    "_enabled": true,
    "isAlignOnce": true,
    "_alignFlags": 12,
    "_left": 6.959999999999987,
    "_right": 0,
    "_top": 0,
    "_bottom": -0.10000000000000497,
    "_isAbsLeft": true,
    "_isAbsRight": true,
    "_isAbsTop": true,
    "_isAbsBottom": true,
    "_originalWidth": 0,
    "_originalHeight": 0
  },
  {
    "__type__": "cc.Node",
    "_name": "lbspeed",
    "_objFlags": 0,
    "_opacity": 255,
    "_color": {
      "__type__": "cc.Color",
      "r": 255,
      "g": 255,
      "b": 255,
      "a": 255
    },
    "_cascadeOpacityEnabled": true,
    "_parent": {
      "__id__": 24
    },
    "_anchorPoint": {
      "__type__": "cc.Vec2",
      "x": 1,
      "y": 0.5
    },
    "_contentSize": {
      "__type__": "cc.Size",
      "width": 64.05,
      "height": 40
    },
    "_children": [],
    "_rotationX": 0,
    "_rotationY": 0,
    "_scaleX": 1,
    "_scaleY": 1,
    "_position": {
      "__type__": "cc.Vec2",
      "x": 101.7,
      "y": -35.7
    },
    "_skewX": 0,
    "_skewY": 0,
    "_localZOrder": 0,
    "_globalZOrder": 0,
    "_tag": -1,
    "_opacityModifyRGB": false,
    "_id": "df1c9ERl+1HSrfaMaWhG8nF",
    "_active": true,
    "_components": [
      {
        "__id__": 45
      }
    ],
    "_prefab": null,
    "groupIndex": 0
  },
  {
    "__type__": "cc.Label",
    "_name": "",
    "_objFlags": 0,
    "node": {
      "__id__": 44
    },
    "_enabled": true,
    "_useOriginalSize": false,
    "_actualFontSize": 16,
    "_fontSize": 16,
    "_lineHeight": 40,
    "_enableWrapText": false,
    "_N$file": null,
    "_isSystemFontUsed": true,
    "_N$string": "Speed: 5",
    "_N$horizontalAlign": 2,
    "_N$verticalAlign": 1,
    "_N$overflow": 0
  },
  {
    "__type__": "cc.Sprite",
    "_name": "",
    "_objFlags": 0,
    "node": {
      "__id__": 24
    },
    "_enabled": true,
    "_spriteFrame": {
      "__uuid__": "2930058a-0365-446a-9774-6f130f03b627"
    },
    "_type": 0,
    "_sizeMode": 0,
    "_fillType": 0,
    "_fillCenter": {
      "__type__": "cc.Vec2",
      "x": 0,
      "y": 0
    },
    "_fillStart": 0,
    "_fillRange": 0,
    "_isTrimmedMode": true,
    "_srcBlendFactor": 770,
    "_dstBlendFactor": 771,
    "_atlas": null
  },
  {
    "__type__": "cc.Widget",
    "_name": "",
    "_objFlags": 0,
    "node": {
      "__id__": 24
    },
    "_enabled": true,
    "isAlignOnce": true,
    "_alignFlags": 33,
    "_left": 0,
    "_right": 9,
    "_top": 9,
    "_bottom": 0,
    "_isAbsLeft": true,
    "_isAbsRight": true,
    "_isAbsTop": true,
    "_isAbsBottom": true,
    "_originalWidth": 0,
    "_originalHeight": 0
  },
  {
    "__type__": "270b1oXWlhLDLgiBzvW9bIb",
    "_name": "",
    "_objFlags": 0,
    "node": {
      "__id__": 24
    },
    "_enabled": true,
    "lbCountAmmo": {
      "__id__": 35
    },
    "lbCountHp": {
      "__id__": 29
    },
    "lbLevel": {
      "__id__": 42
    },
    "lbSpeed": {
      "__id__": 45
    },
    "prAmmo": {
      "__id__": 32
    },
    "prHP": {
      "__id__": 26
    }
  },
  {
    "__type__": "cc.Node",
    "_name": "panelcontroll",
    "_objFlags": 0,
    "_opacity": 255,
    "_color": {
      "__type__": "cc.Color",
      "r": 255,
      "g": 255,
      "b": 255,
      "a": 255
    },
    "_cascadeOpacityEnabled": true,
    "_parent": {
      "__id__": 2
    },
    "_anchorPoint": {
      "__type__": "cc.Vec2",
      "x": 0.5,
      "y": 0.5
    },
    "_contentSize": {
      "__type__": "cc.Size",
      "width": 100,
      "height": 100
    },
    "_children": [
      {
        "__id__": 50
      },
      {
        "__id__": 54
      },
      {
        "__id__": 58
      },
      {
        "__id__": 62
      },
      {
        "__id__": 66
      },
      {
        "__id__": 70
      }
    ],
    "_rotationX": 0,
    "_rotationY": 0,
    "_scaleX": 1,
    "_scaleY": 1,
    "_position": {
      "__type__": "cc.Vec2",
      "x": -258,
      "y": -120
    },
    "_skewX": 0,
    "_skewY": 0,
    "_localZOrder": 0,
    "_globalZOrder": 0,
    "_tag": -1,
    "_opacityModifyRGB": false,
    "_id": "3f464sEQvZM8I7wCXR6Izw7",
    "_active": true,
    "_components": [
      {
        "__id__": 72
      },
      {
        "__id__": 73
      }
    ],
    "_prefab": null,
    "groupIndex": 0
  },
  {
    "__type__": "cc.Node",
    "_name": "bt0",
    "_objFlags": 0,
    "_opacity": 120,
    "_color": {
      "__type__": "cc.Color",
      "r": 255,
      "g": 255,
      "b": 255,
      "a": 255
    },
    "_cascadeOpacityEnabled": true,
    "_parent": {
      "__id__": 49
    },
    "_anchorPoint": {
      "__type__": "cc.Vec2",
      "x": 0.5,
      "y": 0.5
    },
    "_contentSize": {
      "__type__": "cc.Size",
      "width": 84,
      "height": 86
    },
    "_children": [],
    "_rotationX": 0,
    "_rotationY": 0,
    "_scaleX": 1,
    "_scaleY": 1,
    "_position": {
      "__type__": "cc.Vec2",
      "x": 0,
      "y": 0
    },
    "_skewX": 0,
    "_skewY": 0,
    "_localZOrder": 0,
    "_globalZOrder": 0,
    "_tag": -1,
    "_opacityModifyRGB": false,
    "_id": "c5c8cRq4SBKyJESu92fQvjD",
    "_active": true,
    "_components": [
      {
        "__id__": 51
      },
      {
        "__id__": 52
      }
    ],
    "_prefab": null,
    "groupIndex": 0
  },
  {
    "__type__": "cc.Sprite",
    "_name": "",
    "_objFlags": 0,
    "node": {
      "__id__": 50
    },
    "_enabled": true,
    "_spriteFrame": {
      "__uuid__": "d5af16f0-f436-46fb-92bd-aa957d5a8727"
    },
    "_type": 1,
    "_sizeMode": 0,
    "_fillType": 0,
    "_fillCenter": {
      "__type__": "cc.Vec2",
      "x": 0,
      "y": 0
    },
    "_fillStart": 0,
    "_fillRange": 0,
    "_isTrimmedMode": true,
    "_srcBlendFactor": 770,
    "_dstBlendFactor": 771,
    "_atlas": null
  },
  {
    "__type__": "cc.Button",
    "_name": "",
    "_objFlags": 0,
    "node": {
      "__id__": 50
    },
    "_enabled": true,
    "transition": 2,
    "pressedColor": {
      "__type__": "cc.Color",
      "r": 255,
      "g": 255,
      "b": 255,
      "a": 255
    },
    "hoverColor": {
      "__type__": "cc.Color",
      "r": 255,
      "g": 255,
      "b": 255,
      "a": 255
    },
    "duration": 0.1,
    "pressedSprite": {
      "__uuid__": "4ed25f77-7d68-4a84-93d4-99a53e16331e"
    },
    "hoverSprite": {
      "__uuid__": "4ed25f77-7d68-4a84-93d4-99a53e16331e"
    },
    "clickEvents": [
      {
        "__id__": 53
      }
    ],
    "_N$interactable": true,
    "_N$normalColor": {
      "__type__": "cc.Color",
      "r": 255,
      "g": 255,
      "b": 255,
      "a": 255
    },
    "_N$disabledColor": {
      "__type__": "cc.Color",
      "r": 255,
      "g": 255,
      "b": 255,
      "a": 255
    },
    "_N$normalSprite": {
      "__uuid__": "d5af16f0-f436-46fb-92bd-aa957d5a8727"
    },
    "_N$disabledSprite": {
      "__uuid__": "d5af16f0-f436-46fb-92bd-aa957d5a8727"
    },
    "_N$target": {
      "__id__": 50
    }
  },
  {
    "__type__": "cc.ClickEvent",
    "target": {
      "__id__": 49
    },
    "component": "PadController",
    "handler": "actionEX"
  },
  {
    "__type__": "cc.Node",
    "_name": "Button",
    "_objFlags": 0,
    "_opacity": 255,
    "_color": {
      "__type__": "cc.Color",
      "r": 255,
      "g": 255,
      "b": 255,
      "a": 255
    },
    "_cascadeOpacityEnabled": true,
    "_parent": {
      "__id__": 49
    },
    "_anchorPoint": {
      "__type__": "cc.Vec2",
      "x": 0.5,
      "y": 0.5
    },
    "_contentSize": {
      "__type__": "cc.Size",
      "width": 84,
      "height": 86
    },
    "_children": [],
    "_rotationX": -90,
    "_rotationY": -90,
    "_scaleX": 1,
    "_scaleY": 1,
    "_position": {
      "__type__": "cc.Vec2",
      "x": 0.6,
      "y": -94.3
    },
    "_skewX": 0,
    "_skewY": 0,
    "_localZOrder": 0,
    "_globalZOrder": 0,
    "_tag": -1,
    "_opacityModifyRGB": false,
    "_id": "2ccf9M3pCtNLZP8ZY32+CmP",
    "_active": true,
    "_components": [
      {
        "__id__": 55
      },
      {
        "__id__": 56
      }
    ],
    "_prefab": null,
    "groupIndex": 0
  },
  {
    "__type__": "cc.Sprite",
    "_name": "",
    "_objFlags": 0,
    "node": {
      "__id__": 54
    },
    "_enabled": true,
    "_spriteFrame": {
      "__uuid__": "d5af16f0-f436-46fb-92bd-aa957d5a8727"
    },
    "_type": 1,
    "_sizeMode": 0,
    "_fillType": 0,
    "_fillCenter": {
      "__type__": "cc.Vec2",
      "x": 0,
      "y": 0
    },
    "_fillStart": 0,
    "_fillRange": 0,
    "_isTrimmedMode": true,
    "_srcBlendFactor": 770,
    "_dstBlendFactor": 771,
    "_atlas": null
  },
  {
    "__type__": "cc.Button",
    "_name": "",
    "_objFlags": 0,
    "node": {
      "__id__": 54
    },
    "_enabled": true,
    "transition": 2,
    "pressedColor": {
      "__type__": "cc.Color",
      "r": 255,
      "g": 255,
      "b": 255,
      "a": 255
    },
    "hoverColor": {
      "__type__": "cc.Color",
      "r": 255,
      "g": 255,
      "b": 255,
      "a": 255
    },
    "duration": 0.1,
    "pressedSprite": {
      "__uuid__": "4ed25f77-7d68-4a84-93d4-99a53e16331e"
    },
    "hoverSprite": {
      "__uuid__": "4ed25f77-7d68-4a84-93d4-99a53e16331e"
    },
    "clickEvents": [
      {
        "__id__": 57
      }
    ],
    "_N$interactable": true,
    "_N$normalColor": {
      "__type__": "cc.Color",
      "r": 255,
      "g": 255,
      "b": 255,
      "a": 255
    },
    "_N$disabledColor": {
      "__type__": "cc.Color",
      "r": 255,
      "g": 255,
      "b": 255,
      "a": 255
    },
    "_N$normalSprite": {
      "__uuid__": "d5af16f0-f436-46fb-92bd-aa957d5a8727"
    },
    "_N$disabledSprite": {
      "__uuid__": "d5af16f0-f436-46fb-92bd-aa957d5a8727"
    },
    "_N$target": {
      "__id__": 54
    }
  },
  {
    "__type__": "cc.ClickEvent",
    "target": {
      "__id__": 49
    },
    "component": "PadController",
    "handler": "actionMoveDown"
  },
  {
    "__type__": "cc.Node",
    "_name": "Button",
    "_objFlags": 0,
    "_opacity": 255,
    "_color": {
      "__type__": "cc.Color",
      "r": 255,
      "g": 255,
      "b": 255,
      "a": 255
    },
    "_cascadeOpacityEnabled": true,
    "_parent": {
      "__id__": 49
    },
    "_anchorPoint": {
      "__type__": "cc.Vec2",
      "x": 0.5,
      "y": 0.5
    },
    "_contentSize": {
      "__type__": "cc.Size",
      "width": 84,
      "height": 86
    },
    "_children": [],
    "_rotationX": -180,
    "_rotationY": -180,
    "_scaleX": 1,
    "_scaleY": 1,
    "_position": {
      "__type__": "cc.Vec2",
      "x": 92.7,
      "y": -1.1
    },
    "_skewX": 0,
    "_skewY": 0,
    "_localZOrder": 0,
    "_globalZOrder": 0,
    "_tag": -1,
    "_opacityModifyRGB": false,
    "_id": "5582eZamC5A9ovGSWdYbCL3",
    "_active": true,
    "_components": [
      {
        "__id__": 59
      },
      {
        "__id__": 60
      }
    ],
    "_prefab": null,
    "groupIndex": 0
  },
  {
    "__type__": "cc.Sprite",
    "_name": "",
    "_objFlags": 0,
    "node": {
      "__id__": 58
    },
    "_enabled": true,
    "_spriteFrame": {
      "__uuid__": "d5af16f0-f436-46fb-92bd-aa957d5a8727"
    },
    "_type": 1,
    "_sizeMode": 0,
    "_fillType": 0,
    "_fillCenter": {
      "__type__": "cc.Vec2",
      "x": 0,
      "y": 0
    },
    "_fillStart": 0,
    "_fillRange": 0,
    "_isTrimmedMode": true,
    "_srcBlendFactor": 770,
    "_dstBlendFactor": 771,
    "_atlas": null
  },
  {
    "__type__": "cc.Button",
    "_name": "",
    "_objFlags": 0,
    "node": {
      "__id__": 58
    },
    "_enabled": true,
    "transition": 2,
    "pressedColor": {
      "__type__": "cc.Color",
      "r": 255,
      "g": 255,
      "b": 255,
      "a": 255
    },
    "hoverColor": {
      "__type__": "cc.Color",
      "r": 255,
      "g": 255,
      "b": 255,
      "a": 255
    },
    "duration": 0.1,
    "pressedSprite": {
      "__uuid__": "4ed25f77-7d68-4a84-93d4-99a53e16331e"
    },
    "hoverSprite": {
      "__uuid__": "4ed25f77-7d68-4a84-93d4-99a53e16331e"
    },
    "clickEvents": [
      {
        "__id__": 61
      }
    ],
    "_N$interactable": true,
    "_N$normalColor": {
      "__type__": "cc.Color",
      "r": 255,
      "g": 255,
      "b": 255,
      "a": 255
    },
    "_N$disabledColor": {
      "__type__": "cc.Color",
      "r": 255,
      "g": 255,
      "b": 255,
      "a": 255
    },
    "_N$normalSprite": {
      "__uuid__": "d5af16f0-f436-46fb-92bd-aa957d5a8727"
    },
    "_N$disabledSprite": {
      "__uuid__": "d5af16f0-f436-46fb-92bd-aa957d5a8727"
    },
    "_N$target": {
      "__id__": 58
    }
  },
  {
    "__type__": "cc.ClickEvent",
    "target": {
      "__id__": 49
    },
    "component": "PadController",
    "handler": "actionMoveRight"
  },
  {
    "__type__": "cc.Node",
    "_name": "Button",
    "_objFlags": 0,
    "_opacity": 255,
    "_color": {
      "__type__": "cc.Color",
      "r": 255,
      "g": 255,
      "b": 255,
      "a": 255
    },
    "_cascadeOpacityEnabled": true,
    "_parent": {
      "__id__": 49
    },
    "_anchorPoint": {
      "__type__": "cc.Vec2",
      "x": 0.5,
      "y": 0.5
    },
    "_contentSize": {
      "__type__": "cc.Size",
      "width": 84,
      "height": 86
    },
    "_children": [],
    "_rotationX": 0,
    "_rotationY": 0,
    "_scaleX": 1,
    "_scaleY": 1,
    "_position": {
      "__type__": "cc.Vec2",
      "x": -92.6,
      "y": -0.5
    },
    "_skewX": 0,
    "_skewY": 0,
    "_localZOrder": 0,
    "_globalZOrder": 0,
    "_tag": -1,
    "_opacityModifyRGB": false,
    "_id": "179d1brBZ9AFbnfzM1Vs/t9",
    "_active": true,
    "_components": [
      {
        "__id__": 63
      },
      {
        "__id__": 64
      }
    ],
    "_prefab": null,
    "groupIndex": 0
  },
  {
    "__type__": "cc.Sprite",
    "_name": "",
    "_objFlags": 0,
    "node": {
      "__id__": 62
    },
    "_enabled": true,
    "_spriteFrame": {
      "__uuid__": "d5af16f0-f436-46fb-92bd-aa957d5a8727"
    },
    "_type": 1,
    "_sizeMode": 0,
    "_fillType": 0,
    "_fillCenter": {
      "__type__": "cc.Vec2",
      "x": 0,
      "y": 0
    },
    "_fillStart": 0,
    "_fillRange": 0,
    "_isTrimmedMode": true,
    "_srcBlendFactor": 770,
    "_dstBlendFactor": 771,
    "_atlas": null
  },
  {
    "__type__": "cc.Button",
    "_name": "",
    "_objFlags": 0,
    "node": {
      "__id__": 62
    },
    "_enabled": true,
    "transition": 2,
    "pressedColor": {
      "__type__": "cc.Color",
      "r": 255,
      "g": 255,
      "b": 255,
      "a": 255
    },
    "hoverColor": {
      "__type__": "cc.Color",
      "r": 255,
      "g": 255,
      "b": 255,
      "a": 255
    },
    "duration": 0.1,
    "pressedSprite": {
      "__uuid__": "4ed25f77-7d68-4a84-93d4-99a53e16331e"
    },
    "hoverSprite": {
      "__uuid__": "4ed25f77-7d68-4a84-93d4-99a53e16331e"
    },
    "clickEvents": [
      {
        "__id__": 65
      }
    ],
    "_N$interactable": true,
    "_N$normalColor": {
      "__type__": "cc.Color",
      "r": 255,
      "g": 255,
      "b": 255,
      "a": 255
    },
    "_N$disabledColor": {
      "__type__": "cc.Color",
      "r": 255,
      "g": 255,
      "b": 255,
      "a": 255
    },
    "_N$normalSprite": {
      "__uuid__": "d5af16f0-f436-46fb-92bd-aa957d5a8727"
    },
    "_N$disabledSprite": {
      "__uuid__": "d5af16f0-f436-46fb-92bd-aa957d5a8727"
    },
    "_N$target": {
      "__id__": 62
    }
  },
  {
    "__type__": "cc.ClickEvent",
    "target": {
      "__id__": 49
    },
    "component": "PadController",
    "handler": "actionMoveLeft"
  },
  {
    "__type__": "cc.Node",
    "_name": "Button",
    "_objFlags": 0,
    "_opacity": 255,
    "_color": {
      "__type__": "cc.Color",
      "r": 255,
      "g": 255,
      "b": 255,
      "a": 255
    },
    "_cascadeOpacityEnabled": true,
    "_parent": {
      "__id__": 49
    },
    "_anchorPoint": {
      "__type__": "cc.Vec2",
      "x": 0.5,
      "y": 0.5
    },
    "_contentSize": {
      "__type__": "cc.Size",
      "width": 84,
      "height": 86
    },
    "_children": [],
    "_rotationX": 90,
    "_rotationY": 90,
    "_scaleX": 1,
    "_scaleY": 1,
    "_position": {
      "__type__": "cc.Vec2",
      "x": -0.5,
      "y": 93.3
    },
    "_skewX": 0,
    "_skewY": 0,
    "_localZOrder": 0,
    "_globalZOrder": 0,
    "_tag": -1,
    "_opacityModifyRGB": false,
    "_id": "bece7STxHFJWKANIfDK353E",
    "_active": true,
    "_components": [
      {
        "__id__": 67
      },
      {
        "__id__": 68
      }
    ],
    "_prefab": null,
    "groupIndex": 0
  },
  {
    "__type__": "cc.Sprite",
    "_name": "",
    "_objFlags": 0,
    "node": {
      "__id__": 66
    },
    "_enabled": true,
    "_spriteFrame": {
      "__uuid__": "d5af16f0-f436-46fb-92bd-aa957d5a8727"
    },
    "_type": 1,
    "_sizeMode": 0,
    "_fillType": 0,
    "_fillCenter": {
      "__type__": "cc.Vec2",
      "x": 0,
      "y": 0
    },
    "_fillStart": 0,
    "_fillRange": 0,
    "_isTrimmedMode": true,
    "_srcBlendFactor": 770,
    "_dstBlendFactor": 771,
    "_atlas": null
  },
  {
    "__type__": "cc.Button",
    "_name": "",
    "_objFlags": 0,
    "node": {
      "__id__": 66
    },
    "_enabled": true,
    "transition": 2,
    "pressedColor": {
      "__type__": "cc.Color",
      "r": 255,
      "g": 255,
      "b": 255,
      "a": 255
    },
    "hoverColor": {
      "__type__": "cc.Color",
      "r": 255,
      "g": 255,
      "b": 255,
      "a": 255
    },
    "duration": 0.1,
    "pressedSprite": {
      "__uuid__": "4ed25f77-7d68-4a84-93d4-99a53e16331e"
    },
    "hoverSprite": {
      "__uuid__": "4ed25f77-7d68-4a84-93d4-99a53e16331e"
    },
    "clickEvents": [
      {
        "__id__": 69
      }
    ],
    "_N$interactable": true,
    "_N$normalColor": {
      "__type__": "cc.Color",
      "r": 255,
      "g": 255,
      "b": 255,
      "a": 255
    },
    "_N$disabledColor": {
      "__type__": "cc.Color",
      "r": 255,
      "g": 255,
      "b": 255,
      "a": 255
    },
    "_N$normalSprite": {
      "__uuid__": "d5af16f0-f436-46fb-92bd-aa957d5a8727"
    },
    "_N$disabledSprite": {
      "__uuid__": "d5af16f0-f436-46fb-92bd-aa957d5a8727"
    },
    "_N$target": {
      "__id__": 66
    }
  },
  {
    "__type__": "cc.ClickEvent",
    "target": {
      "__id__": 49
    },
    "component": "PadController",
    "handler": "actionMoveUp"
  },
  {
    "__type__": "cc.Node",
    "_name": "bt_begin",
    "_objFlags": 0,
    "_opacity": 255,
    "_color": {
      "__type__": "cc.Color",
      "r": 255,
      "g": 255,
      "b": 255,
      "a": 255
    },
    "_cascadeOpacityEnabled": true,
    "_parent": {
      "__id__": 49
    },
    "_anchorPoint": {
      "__type__": "cc.Vec2",
      "x": 0.5,
      "y": 0.5
    },
    "_contentSize": {
      "__type__": "cc.Size",
      "width": 82,
      "height": 82
    },
    "_children": [],
    "_rotationX": 0,
    "_rotationY": 0,
    "_scaleX": 1,
    "_scaleY": 1,
    "_position": {
      "__type__": "cc.Vec2",
      "x": 0,
      "y": 0
    },
    "_skewX": 0,
    "_skewY": 0,
    "_localZOrder": 0,
    "_globalZOrder": 0,
    "_tag": -1,
    "_opacityModifyRGB": false,
    "_id": "cef21a3NLxL0qk+swrvZbrf",
    "_active": true,
    "_components": [
      {
        "__id__": 71
      }
    ],
    "_prefab": null,
    "groupIndex": 0
  },
  {
    "__type__": "cc.Sprite",
    "_name": "",
    "_objFlags": 0,
    "node": {
      "__id__": 70
    },
    "_enabled": true,
    "_spriteFrame": {
      "__uuid__": "6f8747fc-b71b-48ce-b5a0-3a13c898d7c0"
    },
    "_type": 0,
    "_sizeMode": 1,
    "_fillType": 0,
    "_fillCenter": {
      "__type__": "cc.Vec2",
      "x": 0,
      "y": 0
    },
    "_fillStart": 0,
    "_fillRange": 0,
    "_isTrimmedMode": true,
    "_srcBlendFactor": 770,
    "_dstBlendFactor": 771,
    "_atlas": null
  },
  {
    "__type__": "cc.Sprite",
    "_name": "",
    "_objFlags": 0,
    "node": {
      "__id__": 49
    },
    "_enabled": true,
    "_spriteFrame": {
      "__uuid__": "c159c576-f707-4a27-afcf-e1033f00322e"
    },
    "_type": 0,
    "_sizeMode": 0,
    "_fillType": 0,
    "_fillCenter": {
      "__type__": "cc.Vec2",
      "x": 0,
      "y": 0
    },
    "_fillStart": 0,
    "_fillRange": 0,
    "_isTrimmedMode": true,
    "_srcBlendFactor": 770,
    "_dstBlendFactor": 771,
    "_atlas": null
  },
  {
    "__type__": "b7a59GsOBlEEID+Kx7MZBIu",
    "_name": "",
    "_objFlags": 0,
    "node": {
      "__id__": 49
    },
    "_enabled": true,
    "hubcontrol": {
      "__id__": 70
    },
    "bt0": {
      "__id__": 50
    },
    "bt1": {
      "__id__": 54
    },
    "bt2": {
      "__id__": 58
    },
    "bt3": {
      "__id__": 62
    },
    "bt4": {
      "__id__": 66
    }
  },
  {
    "__type__": "cc.Node",
    "_name": "imgmove",
    "_objFlags": 0,
    "_opacity": 120,
    "_color": {
      "__type__": "cc.Color",
      "r": 6,
      "g": 39,
      "b": 211,
      "a": 255
    },
    "_cascadeOpacityEnabled": true,
    "_parent": {
      "__id__": 2
    },
    "_anchorPoint": {
      "__type__": "cc.Vec2",
      "x": 0,
      "y": 0.5
    },
    "_contentSize": {
      "__type__": "cc.Size",
      "width": 300,
      "height": 95
    },
    "_children": [],
    "_rotationX": 0,
    "_rotationY": 0,
    "_scaleX": 0.8,
    "_scaleY": 0.7,
    "_position": {
      "__type__": "cc.Vec2",
      "x": 148,
      "y": -233
    },
    "_skewX": 0,
    "_skewY": 0,
    "_localZOrder": 0,
    "_globalZOrder": 0,
    "_tag": -1,
    "_opacityModifyRGB": false,
    "_id": "3c524D0EJBGQ5YEDadS+u/g",
    "_active": true,
    "_components": [
      {
        "__id__": 75
      }
    ],
    "_prefab": null,
    "groupIndex": 0
  },
  {
    "__type__": "cc.Sprite",
    "_name": "",
    "_objFlags": 0,
    "node": {
      "__id__": 74
    },
    "_enabled": true,
    "_spriteFrame": {
      "__uuid__": "05bec558-8397-43d0-a304-774c16ac77d9"
    },
    "_type": 0,
    "_sizeMode": 1,
    "_fillType": 0,
    "_fillCenter": {
      "__type__": "cc.Vec2",
      "x": 0,
      "y": 0
    },
    "_fillStart": 0,
    "_fillRange": 0,
    "_isTrimmedMode": true,
    "_srcBlendFactor": 770,
    "_dstBlendFactor": 772,
    "_atlas": null
  },
  {
    "__type__": "cc.Node",
    "_name": "BackButton",
    "_objFlags": 0,
    "_opacity": 255,
    "_color": {
      "__type__": "cc.Color",
      "r": 255,
      "g": 255,
      "b": 255,
      "a": 255
    },
    "_cascadeOpacityEnabled": true,
    "_parent": {
      "__id__": 2
    },
    "_anchorPoint": {
      "__type__": "cc.Vec2",
      "x": 0.5,
      "y": 0.5
    },
    "_contentSize": {
      "__type__": "cc.Size",
      "width": 55,
      "height": 55
    },
    "_children": [],
    "_rotationX": 0,
    "_rotationY": 0,
    "_scaleX": 1,
    "_scaleY": 1,
    "_position": {
      "__type__": "cc.Vec2",
      "x": -433,
      "y": 276
    },
    "_skewX": 0,
    "_skewY": 0,
    "_localZOrder": 0,
    "_globalZOrder": 0,
    "_tag": -1,
    "_opacityModifyRGB": false,
    "_id": "ec7canYESpDsJ5aDBVOSbtt",
    "_active": true,
    "_components": [
      {
        "__id__": 77
      },
      {
        "__id__": 78
      },
      {
        "__id__": 80
      }
    ],
    "_prefab": null,
    "groupIndex": 0
  },
  {
    "__type__": "cc.Sprite",
    "_name": "",
    "_objFlags": 0,
    "node": {
      "__id__": 76
    },
    "_enabled": true,
    "_spriteFrame": {
      "__uuid__": "ff30371c-ff97-4ef9-9a55-06990a996539"
    },
    "_type": 0,
    "_sizeMode": 0,
    "_fillType": 0,
    "_fillCenter": {
      "__type__": "cc.Vec2",
      "x": 0,
      "y": 0
    },
    "_fillStart": 0,
    "_fillRange": 0,
    "_isTrimmedMode": false,
    "_srcBlendFactor": 770,
    "_dstBlendFactor": 771,
    "_atlas": null
  },
  {
    "__type__": "cc.Button",
    "_name": "",
    "_objFlags": 0,
    "node": {
      "__id__": 76
    },
    "_enabled": true,
    "transition": 2,
    "pressedColor": {
      "__type__": "cc.Color",
      "r": 255,
      "g": 255,
      "b": 255,
      "a": 255
    },
    "hoverColor": {
      "__type__": "cc.Color",
      "r": 255,
      "g": 255,
      "b": 255,
      "a": 255
    },
    "duration": 0.1,
    "pressedSprite": {
      "__uuid__": "e7b0f58c-c4e4-4d5e-829e-96604eca3511"
    },
    "hoverSprite": {
      "__uuid__": "ff30371c-ff97-4ef9-9a55-06990a996539"
    },
    "clickEvents": [
      {
        "__id__": 79
      }
    ],
    "_N$interactable": true,
    "_N$normalColor": {
      "__type__": "cc.Color",
      "r": 255,
      "g": 255,
      "b": 255,
      "a": 255
    },
    "_N$disabledColor": {
      "__type__": "cc.Color",
      "r": 255,
      "g": 255,
      "b": 255,
      "a": 255
    },
    "_N$normalSprite": {
      "__uuid__": "ff30371c-ff97-4ef9-9a55-06990a996539"
    },
    "_N$disabledSprite": {
      "__uuid__": "ff30371c-ff97-4ef9-9a55-06990a996539"
    },
    "_N$target": {
      "__id__": 76
    }
  },
  {
    "__type__": "cc.ClickEvent",
    "target": {
      "__id__": 2
    },
    "component": "GamePlayScript",
    "handler": "actionBackHome"
  },
  {
    "__type__": "cc.Widget",
    "_name": "",
    "_objFlags": 0,
    "node": {
      "__id__": 76
    },
    "_enabled": true,
    "isAlignOnce": true,
    "_alignFlags": 9,
    "_left": 19.5,
    "_right": 0,
    "_top": 16.5,
    "_bottom": 0,
    "_isAbsLeft": true,
    "_isAbsRight": true,
    "_isAbsTop": true,
    "_isAbsBottom": true,
    "_originalWidth": 0,
    "_originalHeight": 0
  },
  {
    "__type__": "cc.Canvas",
    "_name": "",
    "_objFlags": 0,
    "node": {
      "__id__": 2
    },
    "_enabled": true,
    "_designResolution": {
      "__type__": "cc.Size",
      "width": 960,
      "height": 640
    },
    "_fitWidth": false,
    "_fitHeight": true
  },
  {
    "__type__": "de6b5n59epGzaVpgGIRcJVi",
    "_name": "",
    "_objFlags": 0,
    "node": {
      "__id__": 2
    },
    "_enabled": true,
    "hub_prefab": {
      "__uuid__": "08e645fa-c609-43c0-a6fa-f52512eb225c"
    },
    "lbStatus": {
      "__id__": 18
    },
    "nodecontro": {
      "__id__": 49
    },
    "panelInfo": {
      "__id__": 24
    },
    "gameMap": {
      "__id__": 6
    },
    "arrowNode": {
      "__id__": 74
    },
    "tinyPlayer": null,
    "lbscore": {
      "__id__": 22
    },
    "testnodxx": {
      "__uuid__": "b8f23cb8-c0cc-4edb-84e6-20f396a5fe22"
    },
    "tinyMapGrapphic": {
      "__id__": 14
    }
  }
]