{
  "__type__": "cc.TiledMapAsset",
  "_name": "homemap",
  "_objFlags": 0,
  "_rawFiles": null,
  "tmxXmlStr": "<?xml version=\"1.0\" encoding=\"UTF-8\"?>\n<map version=\"1.0\" orientation=\"orthogonal\" renderorder=\"right-down\" width=\"25\" height=\"20\" tilewidth=\"50\" tileheight=\"50\" nextobjectid=\"1\">\n <tileset firstgid=\"1\" name=\"c1\" tilewidth=\"50\" tileheight=\"50\" tilecount=\"1\" columns=\"1\">\n  <image source=\"c1.png\" width=\"50\" height=\"50\"/>\n </tileset>\n <layer name=\"Tile Layer 1\" width=\"25\" height=\"20\">\n  <data encoding=\"base64\" compression=\"zlib\">\n   eJxjZGBgYBzFo3gUj+JRPIpH8ZDGAK1BAfU=\n  </data>\n </layer>\n</map>\n",
  "tmxFolderPath": "MapBG",
  "textures": [
    {
      "__uuid__": "92fa48dc-7c02-4411-b035-a8b72a98441a"
    }
  ],
  "tsxFiles": []
}