{
  "__type__": "cc.SpriteAtlas",
  "_name": "Ptank.plist",
  "_objFlags": 0,
  "_rawFiles": null,
  "_spriteFrames": {
    "Ptank-0_tex0": {
      "__uuid__": "ce76dfff-b167-4f4f-bea5-3edcc6f8c88d"
    },
    "Ptank-0_tex1": {
      "__uuid__": "1b331e7a-bd9b-4f5d-833f-fe5f2b52719c"
    },
    "Ptank-0_tex2": {
      "__uuid__": "a78cb054-c564-4891-a423-30f8c2495987"
    },
    "Ptank-0_tex3": {
      "__uuid__": "6654fe8d-6f17-4a1f-b24c-420d3dce0e72"
    },
    "Ptank-0_tex4": {
      "__uuid__": "23a1df63-1082-4ccb-9955-275c9968aeec"
    },
    "Ptank-0_tex5": {
      "__uuid__": "e082abab-cd9e-41c3-adec-f38f070f987e"
    },
    "Ptank-0_tex6": {
      "__uuid__": "4d68bd74-0c09-4b7f-9126-1736b7294494"
    },
    "Ptank-0_tex7": {
      "__uuid__": "9b663a7f-3c86-4332-8e2a-e4a4a1231883"
    },
    "Ptank-0_tex8": {
      "__uuid__": "3cb3e350-f4e2-465d-b1f2-a219c96a457a"
    },
    "Ptank-1_tex0": {
      "__uuid__": "c50417be-6f41-4e84-a140-bece9fbf42d9"
    },
    "Ptank-1_tex1": {
      "__uuid__": "bff3e21b-d3e1-4ddd-aed9-e9009d8ddac2"
    },
    "Ptank-1_tex2": {
      "__uuid__": "a3d8be15-0948-44c5-bf9c-a3bc9419a027"
    },
    "Ptank-1_tex3": {
      "__uuid__": "8df1f6bb-34d0-401c-a6c9-766f26fff8ae"
    },
    "Ptank-1_tex4": {
      "__uuid__": "a5db6926-6692-40f7-8566-72350b4f0a2d"
    },
    "Ptank-1_tex5": {
      "__uuid__": "458c95e9-a6d7-4b95-bed6-f4af30a4f008"
    },
    "Ptank-1_tex6": {
      "__uuid__": "0dbada31-3dc6-4bcc-b11d-3cff65ddcb9c"
    },
    "Ptank-1_tex7": {
      "__uuid__": "a13ff0a6-f8cb-41cf-8cdb-c96dfb25cdc4"
    },
    "Ptank-1_tex8": {
      "__uuid__": "caccc068-bce1-428a-87ed-cd5a3015a56a"
    },
    "Ptank-2_tex0": {
      "__uuid__": "6ea5334b-1534-469b-82bf-4ee3f4ca2251"
    },
    "Ptank-2_tex1": {
      "__uuid__": "38e3eee0-455d-41fb-bda8-09e4a66881f1"
    },
    "Ptank-2_tex2": {
      "__uuid__": "803aa03b-82da-46cc-8c35-5d5e5639d186"
    },
    "Ptank-2_tex3": {
      "__uuid__": "df86f466-1a60-4aec-82c4-6ff74be8df88"
    },
    "Ptank-2_tex4": {
      "__uuid__": "d8dea0d1-dd18-4c9d-8c4c-80ab17133d4e"
    },
    "Ptank-2_tex5": {
      "__uuid__": "a9745346-8491-420d-90f7-f2caacea31dd"
    },
    "Ptank-2_tex6": {
      "__uuid__": "7b99f6ee-2fa0-43e3-b1d0-255ba96ac6fa"
    },
    "Ptank-2_tex7": {
      "__uuid__": "e8cc74c9-6653-46a2-a8cb-8c80cfe476ef"
    },
    "Ptank-2_tex8": {
      "__uuid__": "31ae697f-324e-4c8f-acbd-916346e919a0"
    },
    "Ptank-3_tex0": {
      "__uuid__": "114f720a-7f8b-4b68-a463-50938b9fbbe5"
    },
    "Ptank-3_tex1": {
      "__uuid__": "a10d8a26-8bd5-4450-b06d-96ffb4464c8e"
    },
    "Ptank-3_tex2": {
      "__uuid__": "0ac50b0b-ea10-4b9a-99e9-7b5f51f3f469"
    },
    "Ptank-3_tex3": {
      "__uuid__": "a2cd9a87-bc8a-4277-87e6-602da1b39205"
    },
    "Ptank-3_tex4": {
      "__uuid__": "20c71d02-5bdc-4aa5-a72c-a42ec7929db4"
    },
    "Ptank-3_tex5": {
      "__uuid__": "0e370653-ce10-4adc-9832-d693b494d2b6"
    },
    "Ptank-3_tex6": {
      "__uuid__": "9d367158-58d9-4144-9f4a-6dae7fe288fd"
    },
    "Ptank-3_tex7": {
      "__uuid__": "ed7bc320-de6b-4e75-b850-e2ecdae31be2"
    },
    "Ptank-3_tex8": {
      "__uuid__": "f5d7cbf6-bdb3-4e87-9e93-a34a909742cd"
    },
    "Ptank-4_tex0": {
      "__uuid__": "e5dea814-79ac-4479-9d57-1e1f1533fdde"
    },
    "Ptank-4_tex1": {
      "__uuid__": "c8bff468-d6aa-4711-ad32-c562f4c68b58"
    },
    "Ptank-4_tex2": {
      "__uuid__": "af772796-f2aa-4a5b-a967-8138f38a246d"
    },
    "Ptank-4_tex3": {
      "__uuid__": "2ea6f163-7e1c-42df-afbd-6307b06633b2"
    },
    "Ptank-4_tex4": {
      "__uuid__": "806a7805-a17c-4204-8baf-28566748df7c"
    },
    "Ptank-4_tex5": {
      "__uuid__": "0fe595bf-490b-4dd9-811c-d3a03427e7ba"
    },
    "Ptank-4_tex6": {
      "__uuid__": "2335a916-416e-4241-a65e-4907bcd695c7"
    },
    "Ptank-4_tex7": {
      "__uuid__": "444b6eea-4aaa-4a86-af55-8973cb53530a"
    },
    "Ptank-4_tex8": {
      "__uuid__": "05e48262-fafe-4aaa-9a31-53c936541ea8"
    },
    "Ptank-5_tex0": {
      "__uuid__": "e44ade4b-2664-47e2-ad2e-92033f85a394"
    },
    "Ptank-5_tex1": {
      "__uuid__": "b8b6cf09-4161-4826-9668-0073a6142842"
    },
    "Ptank-5_tex2": {
      "__uuid__": "0134a7e1-b33f-4aeb-8333-e7b4b894c951"
    },
    "Ptank-5_tex3": {
      "__uuid__": "7a66f843-c600-4a9b-8685-9568379a8ada"
    },
    "Ptank-5_tex4": {
      "__uuid__": "167ae746-fc9e-49c3-b4ac-17a8136fed41"
    },
    "Ptank-5_tex5": {
      "__uuid__": "a6f1b437-8501-469c-b50b-5f285fb64781"
    },
    "Ptank-5_tex6": {
      "__uuid__": "03010da3-ea9e-4a39-b4f5-138801c12fb5"
    },
    "Ptank-5_tex7": {
      "__uuid__": "dac362d7-9e27-4b50-aa95-cd188e2785eb"
    },
    "Ptank-5_tex8": {
      "__uuid__": "84d3eab2-0b43-4c97-b70a-b365b1905034"
    },
    "Ptank-6_tex0": {
      "__uuid__": "c4e60b32-9453-4ea2-82b2-4cf80732946c"
    },
    "Ptank-6_tex1": {
      "__uuid__": "bfa59b54-4b2d-44d8-9f4a-5d0809ce8c55"
    },
    "Ptank-6_tex2": {
      "__uuid__": "f31034f0-3eb0-43d5-8bef-236e5a853b05"
    },
    "Ptank-6_tex3": {
      "__uuid__": "9eb72b17-3771-4331-90a7-d019bd7237a5"
    },
    "Ptank-6_tex4": {
      "__uuid__": "89d7a31b-8ce2-4e13-a058-2c5bac9df4d3"
    },
    "Ptank-6_tex5": {
      "__uuid__": "7434dc1e-bb2e-4393-a7d2-5bf46baa07bd"
    },
    "Ptank-6_tex6": {
      "__uuid__": "028ae59b-e1ab-4bd9-aef4-85f632996886"
    },
    "Ptank-6_tex7": {
      "__uuid__": "7c70b934-ad65-4a1f-a202-cf412ca28065"
    },
    "Ptank-6_tex8": {
      "__uuid__": "4a4dc801-894d-4913-9332-77e9ccbe0158"
    },
    "Ptank-7_tex0": {
      "__uuid__": "7729d5db-58ea-4199-af23-5cad14f2cff3"
    },
    "Ptank-7_tex1": {
      "__uuid__": "1091d386-c79a-4ed1-8e4c-653a1da3e07c"
    },
    "Ptank-7_tex2": {
      "__uuid__": "61647077-6ef0-4520-811f-519206f10aa8"
    },
    "Ptank-7_tex3": {
      "__uuid__": "6fc6f973-9949-4c28-a646-4267231460b4"
    },
    "Ptank-7_tex4": {
      "__uuid__": "ab9ee1af-f85d-4661-a646-7c4620600392"
    },
    "Ptank-7_tex5": {
      "__uuid__": "a1caf4d9-6408-4ab2-88c7-3446397a9513"
    },
    "Ptank-7_tex6": {
      "__uuid__": "46f4d014-c8d1-4e57-a3e7-5da367e4a412"
    },
    "Ptank-7_tex7": {
      "__uuid__": "a9b6c104-2eac-4ab2-b839-113f6fd000b5"
    },
    "Ptank-7_tex8": {
      "__uuid__": "077b82b8-cfdd-437e-9c45-9927488e0368"
    },
    "Ptank-8_tex0": {
      "__uuid__": "a26f6e12-67e0-4260-ab9c-8437eb9570c4"
    },
    "Ptank-8_tex1": {
      "__uuid__": "d447496a-e47f-4b05-b2bd-c5ca64d6ec96"
    },
    "Ptank-8_tex2": {
      "__uuid__": "5e6cf6bf-311f-4072-9576-0effdfcac715"
    },
    "Ptank-8_tex3": {
      "__uuid__": "5a190c04-1bfe-4947-9e60-07eae99ea95d"
    },
    "Ptank-8_tex4": {
      "__uuid__": "b7246031-8d5a-4e70-8f04-085b1704463e"
    },
    "Ptank-8_tex5": {
      "__uuid__": "ab2caf46-b817-438d-9f00-7a07bf3b1c0f"
    },
    "Ptank-8_tex6": {
      "__uuid__": "cd74e152-5d16-49ea-9b81-90f9c3e6cade"
    },
    "Ptank-8_tex7": {
      "__uuid__": "1cdc5221-d01c-408c-bbce-c8db98a04796"
    },
    "Ptank-8_tex8": {
      "__uuid__": "a2980a8d-9ad7-479b-8d2c-a6da729edb9b"
    },
    "Ptank-9_tex0": {
      "__uuid__": "80017836-45fc-4855-9f28-87d2465a5ee8"
    },
    "Ptank-9_tex1": {
      "__uuid__": "009455ac-5913-4796-8a10-6a82b784f101"
    },
    "Ptank-9_tex2": {
      "__uuid__": "35ea53af-99ed-4ca7-bf09-de0885355d46"
    },
    "Ptank-9_tex3": {
      "__uuid__": "ff95020a-e20c-4acb-97bd-05912d535627"
    },
    "Ptank-9_tex4": {
      "__uuid__": "e05e87a6-0671-4809-aea1-b000ab8d48f5"
    },
    "Ptank-9_tex5": {
      "__uuid__": "7547a3c0-ae00-4bf9-87dd-e83e883686ff"
    },
    "Ptank-9_tex6": {
      "__uuid__": "7e85a400-9362-42d8-83a8-f4d9d9943438"
    },
    "Ptank-9_tex7": {
      "__uuid__": "3793d0f8-89be-4ddc-99ab-6857d157a7a2"
    },
    "Ptank-9_tex8": {
      "__uuid__": "84880a5a-9654-458c-aa44-55d529f426a3"
    }
  }
}