[
  {
    "__type__": "cc.Prefab",
    "_name": "bullet",
    "_objFlags": 0,
    "_rawFiles": null,
    "data": {
      "__id__": 1
    }
  },
  {
    "__type__": "cc.Node",
    "_name": "bullet",
    "_objFlags": 0,
    "_opacity": 255,
    "_color": {
      "__type__": "cc.Color",
      "r": 255,
      "g": 0,
      "b": 0,
      "a": 255
    },
    "_cascadeOpacityEnabled": true,
    "_parent": null,
    "_anchorPoint": {
      "__type__": "cc.Vec2",
      "x": 0.5,
      "y": 0.5
    },
    "_contentSize": {
      "__type__": "cc.Size",
      "width": 20,
      "height": 20
    },
    "_children": [
      {
        "__id__": 2
      }
    ],
    "_rotationX": 0,
    "_rotationY": 0,
    "_scaleX": 0.25,
    "_scaleY": 0.25,
    "_position": {
      "__type__": "cc.Vec2",
      "x": -507.4,
      "y": 174.9
    },
    "_skewX": 0,
    "_skewY": 0,
    "_localZOrder": 0,
    "_globalZOrder": 0,
    "_tag": -1,
    "_opacityModifyRGB": false,
    "_reorderChildDirty": false,
    "_id": "",
    "_active": true,
    "_components": [
      {
        "__id__": 5
      },
      {
        "__id__": 6
      }
    ],
    "_prefab": {
      "__id__": 7
    },
    "groupIndex": 0
  },
  {
    "__type__": "cc.Node",
    "_name": "duoidan",
    "_objFlags": 0,
    "_opacity": 176,
    "_color": {
      "__type__": "cc.Color",
      "r": 255,
      "g": 0,
      "b": 0,
      "a": 255
    },
    "_cascadeOpacityEnabled": true,
    "_parent": {
      "__id__": 1
    },
    "_anchorPoint": {
      "__type__": "cc.Vec2",
      "x": 1,
      "y": 0.5
    },
    "_contentSize": {
      "__type__": "cc.Size",
      "width": 81,
      "height": 20
    },
    "_children": [],
    "_rotationX": 0,
    "_rotationY": 0,
    "_scaleX": 0.7,
    "_scaleY": 0.9,
    "_position": {
      "__type__": "cc.Vec2",
      "x": 0,
      "y": 0
    },
    "_skewX": 0,
    "_skewY": 0,
    "_localZOrder": 0,
    "_globalZOrder": 0,
    "_tag": -1,
    "_opacityModifyRGB": false,
    "_reorderChildDirty": false,
    "_id": "",
    "_active": true,
    "_components": [
      {
        "__id__": 3
      }
    ],
    "_prefab": {
      "__id__": 4
    },
    "groupIndex": 0
  },
  {
    "__type__": "cc.Sprite",
    "_name": "",
    "_objFlags": 0,
    "node": {
      "__id__": 2
    },
    "_enabled": true,
    "_spriteFrame": {
      "__uuid__": "3a465e85-90ab-4003-99ed-fb4e40cd3e4b"
    },
    "_type": 0,
    "_sizeMode": 1,
    "_fillType": 0,
    "_fillCenter": {
      "__type__": "cc.Vec2",
      "x": 0,
      "y": 0
    },
    "_fillStart": 0,
    "_fillRange": 0,
    "_isTrimmedMode": true,
    "_srcBlendFactor": 770,
    "_dstBlendFactor": 771,
    "_atlas": null
  },
  {
    "__type__": "cc.PrefabInfo",
    "root": {
      "__id__": 1
    },
    "asset": {
      "__uuid__": "1102b60b-dd99-4144-a0a7-ed0a6acb601e"
    },
    "fileId": ""
  },
  {
    "__type__": "cc.Sprite",
    "_name": "",
    "_objFlags": 0,
    "node": {
      "__id__": 1
    },
    "_enabled": true,
    "_spriteFrame": {
      "__uuid__": "09ae4c35-41fd-4015-8c76-4c942c6fd6df"
    },
    "_type": 0,
    "_sizeMode": 1,
    "_fillType": 0,
    "_fillCenter": {
      "__type__": "cc.Vec2",
      "x": 0,
      "y": 0
    },
    "_fillStart": 0,
    "_fillRange": 0,
    "_isTrimmedMode": true,
    "_srcBlendFactor": 770,
    "_dstBlendFactor": 771,
    "_atlas": null
  },
  {
    "__type__": "c71e1vAlDFHkrt/N/U8jdgs",
    "_name": "",
    "_objFlags": 0,
    "node": {
      "__id__": 1
    },
    "_enabled": true,
    "msTexture": {
      "__uuid__": "b2a5bc69-f37a-4188-be98-b90d844cf1f4"
    }
  },
  {
    "__type__": "cc.PrefabInfo",
    "root": {
      "__id__": 1
    },
    "asset": {
      "__uuid__": "1102b60b-dd99-4144-a0a7-ed0a6acb601e"
    },
    "fileId": "015ddEPkwZK8aa3ZDfDyDNE"
  }
]