[
  {
    "__type__": "cc.Prefab",
    "_name": "effect_hitank",
    "_objFlags": 0,
    "_rawFiles": null,
    "data": {
      "__id__": 1
    }
  },
  {
    "__type__": "cc.Node",
    "_name": "effect_hitank",
    "_objFlags": 0,
    "_opacity": 255,
    "_color": {
      "__type__": "cc.Color",
      "r": 255,
      "g": 255,
      "b": 255,
      "a": 255
    },
    "_cascadeOpacityEnabled": true,
    "_parent": null,
    "_anchorPoint": {
      "__type__": "cc.Vec2",
      "x": 0.5,
      "y": 0.5
    },
    "_contentSize": {
      "__type__": "cc.Size",
      "width": 0,
      "height": 0
    },
    "_children": [],
    "_rotationX": 0,
    "_rotationY": 0,
    "_scaleX": 1,
    "_scaleY": 1,
    "_position": {
      "__type__": "cc.Vec2",
      "x": 103,
      "y": 65
    },
    "_skewX": 0,
    "_skewY": 0,
    "_localZOrder": 0,
    "_globalZOrder": 0,
    "_tag": -1,
    "_opacityModifyRGB": false,
    "_reorderChildDirty": false,
    "_id": "",
    "_active": true,
    "_components": [
      {
        "__id__": 2
      }
    ],
    "_prefab": {
      "__id__": 3
    },
    "groupIndex": 0
  },
  {
    "__type__": "cc.ParticleSystem",
    "_name": "",
    "_objFlags": 0,
    "node": {
      "__id__": 1
    },
    "_enabled": true,
    "_custom": true,
    "_file": {
      "__uuid__": "b2687ac4-099e-403c-a192-ff477686f4f5"
    },
    "_srcBlendFactor": 770,
    "_dstBlendFactor": 1,
    "playOnLoad": true,
    "_autoRemoveOnFinish": true,
    "_totalParticles": 20,
    "_duration": 0.2,
    "_emissionRate": 100,
    "_life": 0.20000000298023224,
    "_lifeVar": 0.5,
    "_startColor": {
      "__type__": "cc.Color",
      "r": 246,
      "g": 0,
      "b": 0,
      "a": 255
    },
    "_startColorVar": {
      "__type__": "cc.Color",
      "r": 0,
      "g": 0,
      "b": 0,
      "a": 198
    },
    "_endColor": {
      "__type__": "cc.Color",
      "r": 0,
      "g": 0,
      "b": 0,
      "a": 214
    },
    "_endColorVar": {
      "__type__": "cc.Color",
      "r": 236,
      "g": 0,
      "b": 0,
      "a": 188
    },
    "_angle": 360,
    "_angleVar": 360,
    "_startSize": 3.369999885559082,
    "_startSizeVar": 50,
    "_endSize": 30.31999969482422,
    "_endSizeVar": 0,
    "_startSpin": -47.369998931884766,
    "_startSpinVar": 0,
    "_endSpin": -47.369998931884766,
    "_endSpinVar": -142.11000061035156,
    "_sourcePos": {
      "__type__": "cc.Vec2",
      "x": 0,
      "y": 0
    },
    "_posVar": {
      "__type__": "cc.Vec2",
      "x": 2,
      "y": 2
    },
    "_positionType": 1,
    "_emitterMode": 0,
    "_gravity": {
      "__type__": "cc.Vec2",
      "x": 0,
      "y": 0
    },
    "_speed": 40,
    "_speedVar": 50,
    "_tangentialAccel": 0,
    "_tangentialAccelVar": 360,
    "_radialAccel": -671.0499877929688,
    "_radialAccelVar": 65.79000091552734,
    "_rotationIsDir": false,
    "_startRadius": 0,
    "_startRadiusVar": 0,
    "_endRadius": 10,
    "_endRadiusVar": 0,
    "_rotatePerS": 0,
    "_rotatePerSVar": 0,
    "_N$preview": true
  },
  {
    "__type__": "cc.PrefabInfo",
    "root": {
      "__id__": 1
    },
    "asset": {
      "__uuid__": "246ff9c8-0579-42ee-b252-b43735626a42"
    },
    "fileId": "90a50aZdZFN+ZEe4OHjh09B"
  }
]