{
  "__type__": "cc.SpriteAtlas",
  "_name": "flags.plist",
  "_objFlags": 0,
  "_rawFiles": null,
  "_spriteFrames": {
    "flag-ad": {
      "__uuid__": "a4d76e04-1e00-4923-a7aa-c79fdf1b1e3c"
    },
    "flag-ae": {
      "__uuid__": "0c9733ec-3550-44ac-bed2-c931666f12f6"
    },
    "flag-af": {
      "__uuid__": "57efbd97-5c29-481d-9c7f-091a5d37d30c"
    },
    "flag-ag": {
      "__uuid__": "7a699d06-28ed-4fd5-8adb-26e7cb3ea838"
    },
    "flag-ai": {
      "__uuid__": "2c1c4a17-9d2c-4aac-97b5-a2a80a76d138"
    },
    "flag-al": {
      "__uuid__": "5a5f4b23-95f3-4d92-ad04-a72db78d6942"
    },
    "flag-am": {
      "__uuid__": "a4801927-1fc4-47c7-a929-da631f6df635"
    },
    "flag-an": {
      "__uuid__": "c8fef38b-5bd5-44a8-be70-13d9c8208525"
    },
    "flag-ao": {
      "__uuid__": "14f20f1f-115c-4690-aae6-c4a4c8fa1414"
    },
    "flag-aq": {
      "__uuid__": "027bd8f3-c496-45a5-8753-0dbb17725b22"
    },
    "flag-ar": {
      "__uuid__": "8c94d147-18b8-4d41-be2d-c0e0f5534d3d"
    },
    "flag-as": {
      "__uuid__": "1c1506cf-4a39-42da-bfd7-e1d841871308"
    },
    "flag-at": {
      "__uuid__": "27c7b6c3-9b26-4148-8944-ea185b9369cc"
    },
    "flag-au": {
      "__uuid__": "922b5670-9c6c-4a5e-acec-b02e84d16542"
    },
    "flag-aw": {
      "__uuid__": "87762778-5e97-4f94-b796-8be619e6c6d3"
    },
    "flag-ax": {
      "__uuid__": "2a3eed56-a165-49f4-a0f4-367df9df2e00"
    },
    "flag-az": {
      "__uuid__": "432da810-c810-4ebf-a46b-24aa9e37ca2b"
    },
    "flag-ba": {
      "__uuid__": "cc1827eb-deb4-4efb-87c8-1a7d573a80fd"
    },
    "flag-bb": {
      "__uuid__": "a02a9b95-63b9-4084-9a66-96e63832dee0"
    },
    "flag-bd": {
      "__uuid__": "7c874ccc-8f68-408c-995a-b7f3da1a2247"
    },
    "flag-be": {
      "__uuid__": "20451e11-b0fd-42f6-a782-ef140f3c3482"
    },
    "flag-bf": {
      "__uuid__": "7caf9fa6-043d-46b1-9990-5199849ae3b1"
    },
    "flag-bg": {
      "__uuid__": "830fb54c-b11b-453e-a1ef-e00ba22d2ad9"
    },
    "flag-bh": {
      "__uuid__": "d0e76e5e-29f5-443e-89d0-67410fbaef9e"
    },
    "flag-bi": {
      "__uuid__": "d1687190-a7d1-4eba-9f81-8f5e89682e93"
    },
    "flag-bj": {
      "__uuid__": "81b42172-d232-4a4e-bae6-a8c6fd10f34e"
    },
    "flag-bl": {
      "__uuid__": "8a928918-af57-49ce-92f8-ecfb1d4049ea"
    },
    "flag-bm": {
      "__uuid__": "c8c39728-cddb-4b98-b1fe-c0b21ed47844"
    },
    "flag-bn": {
      "__uuid__": "28fb7160-31c1-4b7c-b895-a252c52e93d6"
    },
    "flag-bo": {
      "__uuid__": "75b7cb42-98c8-40be-847a-77475269eb40"
    },
    "flag-br": {
      "__uuid__": "45437542-f49d-4d8a-afd2-80f4d1a13c52"
    },
    "flag-bs": {
      "__uuid__": "12b920cf-4761-4013-9cbd-0f54264e4627"
    },
    "flag-bt": {
      "__uuid__": "97276688-81b9-432a-9678-356b8a6b1098"
    },
    "flag-bw": {
      "__uuid__": "986dba77-de64-4dc2-bcf3-58ff56b705b4"
    },
    "flag-by": {
      "__uuid__": "b3f1f383-8cfc-4370-9cf8-b468715cfcb8"
    },
    "flag-bz": {
      "__uuid__": "29a83be6-29d4-4a25-9fd5-d385b17c2822"
    },
    "flag-ca": {
      "__uuid__": "13f6fd8a-39c7-4aa4-afd8-1b130fdb4c14"
    },
    "flag-cc": {
      "__uuid__": "08301cd1-9633-4f0b-adca-e5a1c7638732"
    },
    "flag-cd": {
      "__uuid__": "b6901227-9ad3-4d97-9443-e43a2837db3d"
    },
    "flag-cf": {
      "__uuid__": "d3e9a50c-2723-40b6-bc90-fcb18e2b7a60"
    },
    "flag-cg": {
      "__uuid__": "254c5893-b2a2-4a27-8460-221cf0609fe4"
    },
    "flag-ch": {
      "__uuid__": "d4512081-b9ef-4f0d-874f-b0dfb0ad1e49"
    },
    "flag-ci": {
      "__uuid__": "c12e20e6-e13f-44f6-98a6-660a713fda56"
    },
    "flag-ck": {
      "__uuid__": "cae1954d-4e35-4238-a156-1e92d51d7172"
    },
    "flag-cl": {
      "__uuid__": "7286060e-8d7a-4194-9eb9-077f0f102c4e"
    },
    "flag-cm": {
      "__uuid__": "15c1d055-5fe2-4ebf-b401-fe26b15e94f5"
    },
    "flag-cn": {
      "__uuid__": "23dce3a2-7e14-4549-b694-45e849b1d97c"
    },
    "flag-co": {
      "__uuid__": "00f736ca-9013-41a7-90f7-68e98c4ce00a"
    },
    "flag-cr": {
      "__uuid__": "d7f640b0-81ec-493a-b740-16470931ef04"
    },
    "flag-cu": {
      "__uuid__": "e97f8d4f-e855-4375-94c8-59911b75ab0e"
    },
    "flag-cv": {
      "__uuid__": "113832ad-6705-4f28-b87a-49bb031bfc1b"
    },
    "flag-cw": {
      "__uuid__": "f02065fa-6f57-463e-a84b-fecbf8d07c86"
    },
    "flag-cx": {
      "__uuid__": "fc6b5f77-c3c3-4df2-85ba-f879ea900e02"
    },
    "flag-cy": {
      "__uuid__": "739d4ddd-c1e2-40ff-9504-85b8e5d82175"
    },
    "flag-cz": {
      "__uuid__": "98b35f95-dae4-4a3a-a05e-cb4eb1a3dd77"
    },
    "flag-de": {
      "__uuid__": "8cd1d69a-0f4f-49ab-ab90-533b85ccdece"
    },
    "flag-dj": {
      "__uuid__": "f717b02c-3b4e-4bc4-997a-a7d16e3a0e0c"
    },
    "flag-dk": {
      "__uuid__": "386b3c3b-1466-4aa8-bc2c-6e0bd968abef"
    },
    "flag-dm": {
      "__uuid__": "ee721877-14c1-4829-98ab-82490bcea113"
    },
    "flag-do": {
      "__uuid__": "8a7dae49-d10e-4e96-b8bd-d746ec680a36"
    },
    "flag-dz": {
      "__uuid__": "b0bba15b-0ba0-4fde-8522-56b1e30b6251"
    },
    "flag-ec": {
      "__uuid__": "1ccbf9fb-8459-4634-979f-da589a3abe17"
    },
    "flag-ee": {
      "__uuid__": "ff13d27d-6a05-4577-8578-561bb817ea26"
    },
    "flag-eg": {
      "__uuid__": "fe5d047a-7647-4618-baea-158ad8b4a1e1"
    },
    "flag-eh": {
      "__uuid__": "8d2dc3cc-deb3-43bb-9dc2-d9d419d01e8d"
    },
    "flag-er": {
      "__uuid__": "2e76eaa7-3a70-4425-b35a-00b95a533ce4"
    },
    "flag-es": {
      "__uuid__": "c2c88601-1cbd-4c7c-9537-d84764ced70b"
    },
    "flag-et": {
      "__uuid__": "9377e608-90a8-45da-b3ef-03f0a16a9ba5"
    },
    "flag-eu": {
      "__uuid__": "cefa214e-e913-4299-acb5-3b7d5de1bf23"
    },
    "flag-fi": {
      "__uuid__": "a14d01a9-5c11-4b92-9118-4e03b040a225"
    },
    "flag-fj": {
      "__uuid__": "939ed5d7-d8b0-41a1-8a87-fd73b4868b74"
    },
    "flag-fk": {
      "__uuid__": "752be766-6937-48c9-bae4-13fda9119453"
    },
    "flag-fm": {
      "__uuid__": "d1101aa6-e6d7-47d6-81ba-39e00ff63829"
    },
    "flag-fo": {
      "__uuid__": "d7f04437-60dc-4c22-8a3c-38eb010c17d1"
    },
    "flag-fr": {
      "__uuid__": "e9848554-41e6-4690-bfb2-1f1da62f1e4a"
    },
    "flag-ga": {
      "__uuid__": "f90f3241-9b1d-4401-8ba8-899651d15e00"
    },
    "flag-gb": {
      "__uuid__": "3cac4fc5-6d55-4299-9110-0402abb8fe9e"
    },
    "flag-gd": {
      "__uuid__": "268b0a78-8eb8-4954-9edb-d823c7405c6f"
    },
    "flag-ge": {
      "__uuid__": "e4f94234-4a8d-4697-a07d-d0b3412e2dcd"
    },
    "flag-gg": {
      "__uuid__": "33891c86-60b1-4707-a87b-be0ba44f9b07"
    },
    "flag-gh": {
      "__uuid__": "b023e48d-c85b-46ed-bd5a-d1e6ece56132"
    },
    "flag-gi": {
      "__uuid__": "b1c3f24f-0fa5-4dda-b654-214643d182c6"
    },
    "flag-gl": {
      "__uuid__": "585934d4-8806-4591-a258-fbfafb1febd2"
    },
    "flag-gm": {
      "__uuid__": "c0ef6f13-75a9-4426-bf59-2cf4ad8a3b15"
    },
    "flag-gn": {
      "__uuid__": "69228d3b-acf7-4f52-a8c0-213dd24b2d50"
    },
    "flag-gq": {
      "__uuid__": "f864de51-b2c0-4eef-abbb-ff249f2eac1c"
    },
    "flag-gr": {
      "__uuid__": "73240a2e-888d-491b-ab94-d5dd973c94b6"
    },
    "flag-gs": {
      "__uuid__": "4f840643-d242-4d8e-a887-9df90876de72"
    },
    "flag-gt": {
      "__uuid__": "bc0224b6-c68e-4103-8d88-39e0661b3a9c"
    },
    "flag-gu": {
      "__uuid__": "3a3ae67a-3141-44cf-9fc7-318c1fa26e81"
    },
    "flag-gw": {
      "__uuid__": "c13a4bf4-f63a-411d-82a8-5b88078e2711"
    },
    "flag-gy": {
      "__uuid__": "f95972d5-9411-4681-b979-fa93b7ca7cea"
    },
    "flag-hk": {
      "__uuid__": "05d5eb0f-ffaf-4dbd-9644-35284d15eb8b"
    },
    "flag-hn": {
      "__uuid__": "789db786-3089-48be-8415-a47e93add85e"
    },
    "flag-hr": {
      "__uuid__": "6162540f-4889-4dbc-9d8a-c0e9e2681591"
    },
    "flag-ht": {
      "__uuid__": "908858bb-4c85-4cf0-bf7e-8bba7ad668ff"
    },
    "flag-hu": {
      "__uuid__": "437c8cf2-d6ff-434d-9644-7467ed472af2"
    },
    "flag-ic": {
      "__uuid__": "bf934f00-a1a9-4a7f-9c41-92d3ddd97ed2"
    },
    "flag-id": {
      "__uuid__": "c39afede-6c47-4498-a48d-e069485daa7d"
    },
    "flag-ie": {
      "__uuid__": "899ee8ec-2e5a-4006-a4e5-4e49564a0587"
    },
    "flag-il": {
      "__uuid__": "86db471f-bd1d-47ac-8f18-ffd8ab85e72a"
    },
    "flag-im": {
      "__uuid__": "8205cce0-2595-43af-963f-ca48c20c2737"
    },
    "flag-in": {
      "__uuid__": "6153e6d4-6f9e-4959-9fd1-52616ec3f888"
    },
    "flag-iq": {
      "__uuid__": "a425fa98-df8e-4df6-8ee7-5131957be61c"
    },
    "flag-ir": {
      "__uuid__": "98021224-d81e-4bc2-b13a-1350b969eeb3"
    },
    "flag-is": {
      "__uuid__": "da958bc3-5382-4de9-80b0-5b5cbb6282fa"
    },
    "flag-it": {
      "__uuid__": "9839c122-8a19-4141-909d-fce0d14ccde6"
    },
    "flag-je": {
      "__uuid__": "3e80dfda-02f3-4bb9-a69f-371d90615c63"
    },
    "flag-jm": {
      "__uuid__": "ab4dae4f-1c8c-4e16-988f-68511caf5bd8"
    },
    "flag-jo": {
      "__uuid__": "53814911-55f4-402a-ab24-c2c5fe8be814"
    },
    "flag-jp": {
      "__uuid__": "f059a852-0eed-41e4-8f73-03b476b66f2b"
    },
    "flag-ke": {
      "__uuid__": "e6b01c90-dbb2-4fd3-9005-9d3a6419a865"
    },
    "flag-kg": {
      "__uuid__": "8072b674-7d94-4c86-be75-d5b4d3146ecb"
    },
    "flag-kh": {
      "__uuid__": "d64cae00-6670-4104-a6fd-6da43ce997b2"
    },
    "flag-ki": {
      "__uuid__": "88d9442f-1bb7-44cb-a0ca-d8d86712eef2"
    },
    "flag-km": {
      "__uuid__": "6433c320-93e2-4bf2-8bd6-d818f2d8b03f"
    },
    "flag-kn": {
      "__uuid__": "69a31e9d-9883-4dda-9d65-dfa6435beafe"
    },
    "flag-kp": {
      "__uuid__": "41734435-f9a9-4f99-b531-3e2b1aa773b7"
    },
    "flag-kr": {
      "__uuid__": "66c8ddd8-5084-482d-aac3-f798053283d4"
    },
    "flag-kw": {
      "__uuid__": "e66a723e-99c2-4add-b845-6b34796d6f85"
    },
    "flag-ky": {
      "__uuid__": "20b95dba-87b2-482c-b84d-ed8f189bce97"
    },
    "flag-kz": {
      "__uuid__": "19388b55-0fc7-4fd2-9ab9-edb36a750727"
    },
    "flag-la": {
      "__uuid__": "9ebca58c-7777-4b38-9763-78cbc22d39b4"
    },
    "flag-lb": {
      "__uuid__": "3f9a5db9-f2fa-480a-932f-8b9c3f71b52c"
    },
    "flag-lc": {
      "__uuid__": "422f1dee-e0fe-4745-a42b-d16bdb2ec9af"
    },
    "flag-li": {
      "__uuid__": "40e9a89a-9ebc-4ee4-bedd-c374da0c662a"
    },
    "flag-lk": {
      "__uuid__": "094e8de6-e0fd-4259-8411-ef05bb9509c8"
    },
    "flag-lr": {
      "__uuid__": "5c1e62f6-ab91-40a4-bcb9-89834273a48a"
    },
    "flag-ls": {
      "__uuid__": "37524f62-4a60-4f6f-ac70-7d34d499a2bb"
    },
    "flag-lt": {
      "__uuid__": "a21b6d5f-3b96-483b-b103-c3d896ac1e31"
    },
    "flag-lu": {
      "__uuid__": "b5bec574-92eb-431e-b5c8-0a15688e6146"
    },
    "flag-lv": {
      "__uuid__": "0653c63a-9286-4147-8957-421ca603a402"
    },
    "flag-ly": {
      "__uuid__": "a6f236d9-c009-4d5a-b064-c0e736d20f8b"
    },
    "flag-ma": {
      "__uuid__": "234f8a78-83d0-445a-8384-d8fa766f0bff"
    },
    "flag-mc": {
      "__uuid__": "ee80f0ca-121a-48eb-ae2a-043df010c288"
    },
    "flag-md": {
      "__uuid__": "c3be207e-7906-4eb3-997e-b6a0331e3afa"
    },
    "flag-me": {
      "__uuid__": "cdd21f5c-f8a4-4dbf-bae8-7f927484f10a"
    },
    "flag-mf": {
      "__uuid__": "d89bd15f-f542-40ed-b648-f44b326ef2f7"
    },
    "flag-mg": {
      "__uuid__": "29aed544-cbf2-4a75-acfc-da3b3aea8a52"
    },
    "flag-mh": {
      "__uuid__": "e6184902-fa80-4ea7-b9fd-1bf5d5791921"
    },
    "flag-mk": {
      "__uuid__": "7801efff-fd8f-4810-a05f-4ee0696419e1"
    },
    "flag-ml": {
      "__uuid__": "1606dd16-fda2-432d-b9f7-f5313b9efb04"
    },
    "flag-mm": {
      "__uuid__": "d77e4a10-f3ef-44cb-b37e-ef04b31c9d4f"
    },
    "flag-mn": {
      "__uuid__": "9679374c-d7df-4315-9dee-2435f41d9478"
    },
    "flag-mo": {
      "__uuid__": "0258de7b-c5a4-4961-a7d3-6273467460af"
    },
    "flag-mp": {
      "__uuid__": "7f5bfc5b-590f-4166-aca5-52b44071a842"
    },
    "flag-mq": {
      "__uuid__": "61b8895c-8ce9-4057-8589-27efdbb93a19"
    },
    "flag-mr": {
      "__uuid__": "e8b35972-acfa-47e1-b8b6-04b0448f62d4"
    },
    "flag-ms": {
      "__uuid__": "95dd9cf2-494a-4f83-89d0-7dc584e6e758"
    },
    "flag-mt": {
      "__uuid__": "ee2d2e4d-4041-48c9-9c59-f68790391df8"
    },
    "flag-mu": {
      "__uuid__": "40af37ce-8181-4265-b853-2a3d5d4e4d5e"
    },
    "flag-mv": {
      "__uuid__": "0c51e055-fdc2-4d50-9b9a-0a062d692e6c"
    },
    "flag-mw": {
      "__uuid__": "b214dac0-7088-49cf-950c-9400a8b90964"
    },
    "flag-mx": {
      "__uuid__": "fcfb9785-3d12-4569-b8ee-89f433942b95"
    },
    "flag-my": {
      "__uuid__": "62698a11-ecdc-401e-8354-647fc31dfed4"
    },
    "flag-mz": {
      "__uuid__": "d02ffab2-e1cd-4423-9b14-d3c4584c5af1"
    },
    "flag-na": {
      "__uuid__": "9b8c34b9-c1c6-4f1e-bc6e-f57fc5e5b5eb"
    },
    "flag-nc": {
      "__uuid__": "e60a7228-7102-418e-8a1c-5a1140b4bf78"
    },
    "flag-ne": {
      "__uuid__": "50cba978-3756-4d5e-8c06-c192731bc1f6"
    },
    "flag-nf": {
      "__uuid__": "6a5b6fb1-6ea5-4209-bc38-96ef2f0060dd"
    },
    "flag-ng": {
      "__uuid__": "0d25d56b-386f-4532-948f-fc85c0408219"
    },
    "flag-ni": {
      "__uuid__": "3783bd12-6ca5-4b37-8ff4-aeaeeff68a3e"
    },
    "flag-nl": {
      "__uuid__": "52749fd1-bd77-4fc4-9e09-d5aecca67699"
    },
    "flag-no": {
      "__uuid__": "9e1df647-0ccd-43ef-8e56-f5b16a376b32"
    },
    "flag-np": {
      "__uuid__": "b99b24c9-9408-440e-8f3b-38cc4d8e543f"
    },
    "flag-nr": {
      "__uuid__": "949d456f-ec66-4104-949c-a4453c2db9d4"
    },
    "flag-nu": {
      "__uuid__": "18a69ee9-724f-4c58-881f-aa02f5326a50"
    },
    "flag-nz": {
      "__uuid__": "b8fc1b85-7021-400e-817a-6bf00647a947"
    },
    "flag-om": {
      "__uuid__": "80b96ec2-cab9-4e02-8d0b-773d2c8250a4"
    },
    "flag-pa": {
      "__uuid__": "24eedc1e-5f37-4f5b-b06d-dd7377dc590e"
    },
    "flag-pe": {
      "__uuid__": "0d3b7c06-d8f1-41f0-8a57-6ab87fcb1d88"
    },
    "flag-pf": {
      "__uuid__": "0be430dc-7abf-4b2f-8f0d-a1e1a40aef9c"
    },
    "flag-pg": {
      "__uuid__": "a347a18b-297b-4888-b9b5-d35a5a77f78c"
    },
    "flag-ph": {
      "__uuid__": "88a1cd46-9217-4980-a3fb-18a56e35450b"
    },
    "flag-pk": {
      "__uuid__": "429ab21a-bc84-4436-bb45-e8290a7cb5d4"
    },
    "flag-pl": {
      "__uuid__": "eb28bbf2-551c-442c-a257-07cb2b49b4d8"
    },
    "flag-pn": {
      "__uuid__": "201ec5d8-91ba-48bc-b5f6-bd9fa5788fb9"
    },
    "flag-pr": {
      "__uuid__": "7f45e8e0-2326-40ea-abc6-8d4a4e8e6e07"
    },
    "flag-ps": {
      "__uuid__": "4947ac43-ff37-496b-ae91-cebf76440658"
    },
    "flag-pt": {
      "__uuid__": "767cceb5-d2c3-4a7d-a132-3b14ba6cf653"
    },
    "flag-pw": {
      "__uuid__": "bf3054b8-79fe-467b-b214-5d1f2d702668"
    },
    "flag-py": {
      "__uuid__": "6ede07e5-8f63-41ed-a3b0-91bff1cec462"
    },
    "flag-qa": {
      "__uuid__": "b61c7b2b-cc30-4954-8bed-278b2b2b35e5"
    },
    "flag-ro": {
      "__uuid__": "9cc7feb4-3372-4f12-8c63-9bafa5544cd8"
    },
    "flag-rs": {
      "__uuid__": "bc6eda5f-4b24-4b02-90cf-e4a87f6f5f9c"
    },
    "flag-ru": {
      "__uuid__": "b4853e1c-5cbb-407f-9681-cebb15bc2fdd"
    },
    "flag-rw": {
      "__uuid__": "7075110c-d3b1-47ff-b34f-2d12f9b9971c"
    },
    "flag-sa": {
      "__uuid__": "a4550acc-59c7-4858-ab0f-dfabd50efae7"
    },
    "flag-sb": {
      "__uuid__": "e68d746f-c0c0-469d-aa40-bcbb93589be9"
    },
    "flag-sc": {
      "__uuid__": "73fdca0f-58cf-4cf6-821a-6b5dbb1f5dda"
    },
    "flag-sd": {
      "__uuid__": "c465ce78-15e5-4979-8a80-df0d4fde1e50"
    },
    "flag-se": {
      "__uuid__": "4e652fad-f76b-4f3f-bfc5-c0f93f47374b"
    },
    "flag-sg": {
      "__uuid__": "eb701509-ceb1-4edb-84a7-63d6f6a66b98"
    },
    "flag-sh": {
      "__uuid__": "5981161c-f1bf-4d1a-9140-b63632cde265"
    },
    "flag-si": {
      "__uuid__": "7347dcc4-a5b3-48f5-901c-d03ee4cae939"
    },
    "flag-sk": {
      "__uuid__": "106ab077-9485-4794-84d2-56007928351f"
    },
    "flag-sl": {
      "__uuid__": "d89b8893-a71c-4e6e-9d12-b972f943cc37"
    },
    "flag-sm": {
      "__uuid__": "2ce350d4-b208-41ac-b3b0-19f2e66a913e"
    },
    "flag-sn": {
      "__uuid__": "4620e520-cbd0-428a-9f16-43e909761ba6"
    },
    "flag-so": {
      "__uuid__": "f79415a2-0129-4f7c-8137-f21704aff2e0"
    },
    "flag-sr": {
      "__uuid__": "46851fcc-7b00-4c99-b800-2ede0a307b73"
    },
    "flag-ss": {
      "__uuid__": "adf60350-ea60-45cc-ab68-ab4d23388fd0"
    },
    "flag-st": {
      "__uuid__": "8fa4f161-bf63-4110-b80d-b22469ac90ba"
    },
    "flag-sv": {
      "__uuid__": "96b7b1e9-212c-4dbf-a379-09fd15e87c35"
    },
    "flag-sy": {
      "__uuid__": "5e533e66-c46c-4e4a-bb19-2f70c71343b0"
    },
    "flag-sz": {
      "__uuid__": "73f09725-e01b-4884-8015-4b58c792a75f"
    },
    "flag-tc": {
      "__uuid__": "2e504bd9-c630-44b1-a4b7-d3a983bfe795"
    },
    "flag-td": {
      "__uuid__": "94d35ae8-79a8-4548-b2a9-5c5eb593fa5f"
    },
    "flag-tf": {
      "__uuid__": "bd70a733-02e9-4200-907b-ada2ef7ca387"
    },
    "flag-tg": {
      "__uuid__": "e3804779-1b06-4aa9-8003-923066776469"
    },
    "flag-th": {
      "__uuid__": "dc72261f-cbd9-4de4-a82d-a6bc2db8fa75"
    },
    "flag-tj": {
      "__uuid__": "079d65ee-bc29-4bd1-afc6-9ebb5191fd67"
    },
    "flag-tk": {
      "__uuid__": "5ba4a301-ba80-4a87-8ef5-00b27eb252bb"
    },
    "flag-tl": {
      "__uuid__": "7ac78a68-923c-488a-bf5c-de58189ed8af"
    },
    "flag-tm": {
      "__uuid__": "7166acd4-6ae2-4e87-9155-2761a2e11587"
    },
    "flag-tn": {
      "__uuid__": "f7446712-1bf6-4dfe-96c1-23d2041ca705"
    },
    "flag-to": {
      "__uuid__": "24530c29-a909-4e63-8cfb-3f4fd30472dc"
    },
    "flag-tr": {
      "__uuid__": "175d7145-7cb9-4812-8209-473cfdd542f0"
    },
    "flag-tt": {
      "__uuid__": "c060b1dc-3ac0-4703-8355-b630cc11a08d"
    },
    "flag-tv": {
      "__uuid__": "256571e5-40a7-45ab-be35-82223d885bb3"
    },
    "flag-tw": {
      "__uuid__": "abeb7bc0-df59-4dd4-95be-d807ac0e0a84"
    },
    "flag-tz": {
      "__uuid__": "63cbbd02-06e4-4903-8a9d-8ccc9d64affb"
    },
    "flag-ua": {
      "__uuid__": "b9573f85-5900-44e9-95de-fcb03cadd021"
    },
    "flag-ug": {
      "__uuid__": "365d4dcb-483b-4b97-a8b5-242e0fde4811"
    },
    "flag-us": {
      "__uuid__": "dfd74682-a818-40bd-9205-d220e7b7a564"
    },
    "flag-uy": {
      "__uuid__": "f15b03c9-1181-4eb1-94de-9bbecce69ca5"
    },
    "flag-uz": {
      "__uuid__": "9d8d2ccf-7bd2-4c33-8793-cdb90895da28"
    },
    "flag-va": {
      "__uuid__": "5d0f0e54-caea-4e74-8bcc-70ddc8fbbb10"
    },
    "flag-vc": {
      "__uuid__": "59652e94-d246-40d5-ba72-03cb258c89b4"
    },
    "flag-ve": {
      "__uuid__": "66c71138-a123-4ef5-b150-1715feca1e62"
    },
    "flag-vg": {
      "__uuid__": "de37dc39-b080-4076-bb63-d8c6085df93d"
    },
    "flag-vi": {
      "__uuid__": "17c09ab5-82e1-45d2-9f43-7e67ad50dac3"
    },
    "flag-vn": {
      "__uuid__": "c524b90b-f254-4dce-9ee2-e27f37f89fcd"
    },
    "flag-vu": {
      "__uuid__": "4fa6e650-fdf5-4c38-9a93-1f1159051743"
    },
    "flag-wf": {
      "__uuid__": "fe6f150c-d552-4d3f-b42f-eb5df064991f"
    },
    "flag-ws": {
      "__uuid__": "a20fdc5b-4c5f-4d01-bea5-e2d66d45dddd"
    },
    "flag-ye": {
      "__uuid__": "53df05df-4ad0-4b9b-a3ae-b8b16c8d5d03"
    },
    "flag-yt": {
      "__uuid__": "d7f91026-3a6a-4fa3-a707-9b2394d2462d"
    },
    "flag-za": {
      "__uuid__": "e5642010-cafc-4d83-ab1f-5e271f60866e"
    },
    "flag-zm": {
      "__uuid__": "66ee08fe-4dca-4396-bcdb-a0772660a0da"
    },
    "flag-zw": {
      "__uuid__": "0aeb33a0-e2bf-4299-9588-25e45b9478d9"
    }
  }
}