[
  {
    "__type__": "cc.Prefab",
    "_name": "itemhealth",
    "_objFlags": 0,
    "_rawFiles": null,
    "data": {
      "__id__": 1
    }
  },
  {
    "__type__": "cc.Node",
    "_name": "itemhealth",
    "_objFlags": 0,
    "_opacity": 180,
    "_color": {
      "__type__": "cc.Color",
      "r": 255,
      "g": 255,
      "b": 255,
      "a": 255
    },
    "_cascadeOpacityEnabled": true,
    "_parent": null,
    "_anchorPoint": {
      "__type__": "cc.Vec2",
      "x": 0.5,
      "y": 0.5
    },
    "_contentSize": {
      "__type__": "cc.Size",
      "width": 80,
      "height": 80
    },
    "_children": [
      {
        "__id__": 2
      }
    ],
    "_rotationX": 0,
    "_rotationY": 0,
    "_scaleX": 0.25,
    "_scaleY": 0.25,
    "_position": {
      "__type__": "cc.Vec2",
      "x": 405.4,
      "y": 353
    },
    "_skewX": 0,
    "_skewY": 0,
    "_localZOrder": 0,
    "_globalZOrder": 0,
    "_tag": -1,
    "_opacityModifyRGB": false,
    "_reorderChildDirty": false,
    "_id": "",
    "_active": true,
    "_components": [
      {
        "__id__": 5
      },
      {
        "__id__": 6
      }
    ],
    "_prefab": {
      "__id__": 7
    },
    "groupIndex": 0
  },
  {
    "__type__": "cc.Node",
    "_name": "h_v",
    "_objFlags": 0,
    "_opacity": 255,
    "_color": {
      "__type__": "cc.Color",
      "r": 255,
      "g": 255,
      "b": 255,
      "a": 255
    },
    "_cascadeOpacityEnabled": true,
    "_parent": {
      "__id__": 1
    },
    "_anchorPoint": {
      "__type__": "cc.Vec2",
      "x": 0.5,
      "y": 0.5
    },
    "_contentSize": {
      "__type__": "cc.Size",
      "width": 120,
      "height": 120
    },
    "_children": [],
    "_rotationX": 0,
    "_rotationY": 0,
    "_scaleX": 1,
    "_scaleY": 1,
    "_position": {
      "__type__": "cc.Vec2",
      "x": 0,
      "y": 0
    },
    "_skewX": 0,
    "_skewY": 0,
    "_localZOrder": 0,
    "_globalZOrder": 0,
    "_tag": -1,
    "_opacityModifyRGB": false,
    "_reorderChildDirty": false,
    "_id": "",
    "_active": true,
    "_components": [
      {
        "__id__": 3
      }
    ],
    "_prefab": {
      "__id__": 4
    },
    "groupIndex": 0
  },
  {
    "__type__": "cc.Sprite",
    "_name": "",
    "_objFlags": 0,
    "node": {
      "__id__": 2
    },
    "_enabled": true,
    "_spriteFrame": {
      "__uuid__": "dc23d34a-6d82-44ae-85c9-0ba642405308"
    },
    "_type": 0,
    "_sizeMode": 0,
    "_fillType": 0,
    "_fillCenter": {
      "__type__": "cc.Vec2",
      "x": 0,
      "y": 0
    },
    "_fillStart": 0,
    "_fillRange": 0,
    "_isTrimmedMode": false,
    "_srcBlendFactor": 770,
    "_dstBlendFactor": 771,
    "_atlas": null
  },
  {
    "__type__": "cc.PrefabInfo",
    "root": {
      "__id__": 1
    },
    "asset": {
      "__uuid__": "26c1dd30-5559-4553-aeb0-a1bb34f91a47"
    },
    "fileId": "ad5715OIQdOIqe0IvBlUC3W"
  },
  {
    "__type__": "cc.Sprite",
    "_name": "",
    "_objFlags": 0,
    "node": {
      "__id__": 1
    },
    "_enabled": true,
    "_spriteFrame": {
      "__uuid__": "409909c0-cc27-4dc2-b2d6-e0468fea51af"
    },
    "_type": 0,
    "_sizeMode": 0,
    "_fillType": 0,
    "_fillCenter": {
      "__type__": "cc.Vec2",
      "x": 0,
      "y": 0
    },
    "_fillStart": 0,
    "_fillRange": 0,
    "_isTrimmedMode": false,
    "_srcBlendFactor": 770,
    "_dstBlendFactor": 771,
    "_atlas": null
  },
  {
    "__type__": "a3930v3Gm1Du6LBz+Yn/6me",
    "_name": "",
    "_objFlags": 0,
    "node": {
      "__id__": 1
    },
    "_enabled": true
  },
  {
    "__type__": "cc.PrefabInfo",
    "root": {
      "__id__": 1
    },
    "asset": {
      "__uuid__": "26c1dd30-5559-4553-aeb0-a1bb34f91a47"
    },
    "fileId": "30054bWTxJFUrnIAZ5Gkaiy"
  }
]